,B14.5,B15.5,B17.5,B20,B34,C14.5,C15.5,C17.5,C20,C34
ENSMUSG00000077223,0,0,0,0,0,0,0,0,0,0
ENSMUSG00000044387,0,0,0,0,3,0,0,0,0,0
ENSMUSG00000033863,46,60,188,448,4377,54,88,85,188,2934
ENSMUSG00000080626,0,0,0,0,3,0,0,0,0,1
ENSMUSG00000006456,740,826,651,474,298,468,673,508,520,310
ENSMUSG00000095913,15,10,8,12,5,16,7,9,5,8
ENSMUSG00000025075,1,4,8,1,0,1,0,5,4,0
ENSMUSG00000034108,195,167,180,162,144,191,191,226,176,203
ENSMUSG00000067872,9,10,16,27,43,12,12,19,30,4
ENSMUSG00000083282,276,357,418,445,698,448,478,572,609,1262
ENSMUSG00000006457,6,5,9,22,14,24,29,22,43,13
ENSMUSG00000024943,1445,1164,987,1079,740,2046,1214,786,1134,1009
ENSMUSG00000117837,0,0,0,0,3,0,0,0,0,0
ENSMUSG00000118919,0,0,0,0,0,0,0,0,0,0
ENSMUSG00000006463,257,299,291,272,375,247,268,273,307,316
ENSMUSG00000033207,50,54,66,80,64,54,69,75,133,81
ENSMUSG00000118092,0,0,0,0,0,0,0,0,1,1
ENSMUSG00000117850,0,0,1,0,0,0,0,0,0,0
ENSMUSG00000033053,13,8,8,13,12,14,14,10,14,8
ENSMUSG00000117944,0,0,0,0,0,1,0,0,0,0
ENSMUSG00000044424,2370,2069,1985,1799,727,1856,1776,2106,1334,627
ENSMUSG00000088027,0,0,0,0,0,0,0,0,0,0
ENSMUSG00000098010,0,0,0,0,0,0,0,0,0,0
ENSMUSG00000051255,915,611,669,636,388,838,543,620,549,398
ENSMUSG00000074925,882,718,633,643,945,1038,814,322,794,1499
ENSMUSG00000117685,0,0,0,0,0,0,0,0,0,0
ENSMUSG00000006464,650,658,732,715,950,682,752,719,824,614
ENSMUSG00002074886,0,0,0,0,0,1,1,0,1,0
ENSMUSG00000024897,1024,1568,2692,3627,5289,2012,2736,4601,5282,2813
ENSMUSG00000118287,0,0,1,2,2,0,0,1,0,0
ENSMUSG00000118340,16,21,16,13,9,18,26,16,17,10
ENSMUSG00000071604,51,71,74,151,200,159,151,214,238,233
ENSMUSG00000117820,0,0,0,0,0,0,0,0,0,0
ENSMUSG00000096796,0,0,0,0,0,0,0,0,0,0
ENSMUSG00000063904,968,821,666,642,661,914,892,948,892,572
ENSMUSG00000024812,634,493,493,481,529,560,596,342,599,856
ENSMUSG00000118277,0,0,0,0,0,0,0,0,0,1
ENSMUSG00000118371,0,0,0,0,0,1,0,0,0,0
ENSMUSG00000024901,158,215,273,302,287,226,230,295,222,409
ENSMUSG00000059363,153,133,112,100,68,96,136,132,149,65
ENSMUSG00000082107,1776,1497,1064,986,301,1455,943,705,698,317
ENSMUSG00000024902,543,528,525,547,354,577,513,740,501,363
ENSMUSG00000045903,76,111,213,254,375,126,192,298,253,194
ENSMUSG00000118364,30,33,77,101,45,48,65,67,91,21
ENSMUSG00000117723,0,0,0,1,2,2,0,0,1,0
ENSMUSG00000024867,58,37,89,69,180,48,72,41,48,522
ENSMUSG00000085003,0,0,0,0,2,0,0,0,0,0
ENSMUSG00000074922,159,211,201,214,179,134,177,205,211,98
ENSMUSG00000048572,52,54,88,52,57,75,150,36,101,50
ENSMUSG00000041731,52,67,154,64,37,148,252,36,152,76
ENSMUSG00000097950,0,0,0,0,0,1,0,0,0,0
ENSMUSG00000117934,0,0,0,0,0,0,0,0,0,0
ENSMUSG00000058927,1243,1101,962,1189,2288,1455,1109,1617,1443,2821
ENSMUSG00000051490,0,0,0,0,0,5,13,4,3,1
ENSMUSG00000049134,13,15,12,17,7,21,21,28,28,4
ENSMUSG00000024891,213,232,294,338,264,142,214,382,412,180
ENSMUSG00000090990,1,0,1,0,0,0,0,0,0,0
ENSMUSG00000047379,1,4,6,8,10,4,1,7,15,8
ENSMUSG00000024878,218,166,106,107,139,192,118,101,81,152
ENSMUSG00000117789,2,0,2,0,1,3,2,2,0,2
ENSMUSG00000119558,0,0,0,0,0,0,0,0,0,0
ENSMUSG00002075381,0,0,0,0,0,0,0,0,0,0
ENSMUSG00000025076,169,161,128,173,114,141,183,214,238,44
ENSMUSG00000080268,5,7,3,3,1,4,0,2,2,6
ENSMUSG00000052085,20,13,45,50,74,25,20,24,40,60
ENSMUSG00000024883,64,63,74,88,595,72,72,42,41,41
ENSMUSG00000065634,0,0,0,0,0,0,0,0,0,0
ENSMUSG00000056481,242,259,470,271,116,249,507,175,258,42
ENSMUSG00000061451,69,168,371,590,2821,106,302,1067,1193,1405
ENSMUSG00000117893,6,8,6,13,10,7,14,14,19,8
ENSMUSG00000032702,106,109,160,175,642,161,197,150,285,556
ENSMUSG00000118238,670,557,623,527,316,419,449,459,367,125
ENSMUSG00000064843,0,0,0,0,0,0,0,0,0,0
ENSMUSG00000117720,0,0,0,0,0,0,0,0,0,0
ENSMUSG00000024837,8,2,0,0,1,1,0,0,0,0
ENSMUSG00000042372,115,54,17,17,1,2,0,5,0,0
ENSMUSG00000048138,23,25,25,43,40,0,7,2,6,0
ENSMUSG00000098105,6,5,6,4,8,2,4,3,5,9
ENSMUSG00000118016,0,0,0,0,0,0,0,0,0,0
ENSMUSG00000117950,0,0,0,1,1,0,0,0,0,0
ENSMUSG00000084589,0,0,0,0,0,1,0,0,0,0
ENSMUSG00000024875,200,177,146,142,143,118,159,143,206,238
ENSMUSG00000118005,0,0,0,0,0,0,0,0,0,0
ENSMUSG00000117707,0,0,0,0,0,0,0,0,0,0
ENSMUSG00000118001,0,0,0,1,1,1,0,0,1,0
ENSMUSG00000117803,0,0,0,0,0,0,0,0,0,0
ENSMUSG00000025078,763,598,547,538,329,666,490,311,501,546
ENSMUSG00000114682,0,0,0,0,0,0,1,0,0,1
ENSMUSG00000117890,0,0,0,0,0,0,0,0,0,0
ENSMUSG00000035283,28,41,42,78,253,9,10,41,45,42
ENSMUSG00000024873,1713,2458,2631,2691,2595,1366,2557,4549,2792,407
ENSMUSG00000067063,0,1,2,0,0,0,1,0,0,1
ENSMUSG00000035173,1029,940,1075,918,912,1186,814,452,694,1075
ENSMUSG00000024870,1556,1563,1417,1515,1547,1124,1332,1497,1453,1125
ENSMUSG00000024862,991,1219,1321,1552,2542,1399,1479,2132,1903,2827
ENSMUSG00000117710,14,12,22,24,9,13,16,23,24,14
ENSMUSG00000117729,21,30,44,40,33,61,53,93,69,15
ENSMUSG00000024855,1139,1454,1884,2083,1593,1574,1904,2345,2600,644
ENSMUSG00002076406,0,0,0,1,0,0,0,0,0,0
ENSMUSG00000118104,0,2,0,0,0,0,0,0,0,0
ENSMUSG00000024853,5362,4611,4121,3843,3133,5315,4155,4386,3486,3377
ENSMUSG00000118243,2,0,1,1,3,4,4,0,3,6
ENSMUSG00000047658,162,192,223,289,374,137,229,334,292,174
ENSMUSG00000118009,0,0,0,0,0,0,0,0,0,0
ENSMUSG00000117807,2,3,3,4,2,5,2,3,8,6
ENSMUSG00000038498,0,0,0,0,1,0,0,0,0,0
ENSMUSG00000024846,1,3,14,11,35,4,10,17,21,24
ENSMUSG00000118610,0,0,0,0,0,1,0,1,0,0
ENSMUSG00000025081,15,28,44,33,15,22,21,60,39,10
ENSMUSG00000024844,929,1010,793,848,411,583,766,1012,759,369
ENSMUSG00000024841,447,353,211,214,241,394,297,324,227,270
ENSMUSG00000025082,11,14,22,12,1,10,19,19,15,0
ENSMUSG00000039148,1186,1148,1114,943,656,1431,1030,1269,944,877
ENSMUSG00000117959,6,6,7,15,11,7,6,10,16,9
ENSMUSG00000039330,0,3,1,1,3,2,2,2,0,2
ENSMUSG00000051133,0,0,0,0,0,0,0,0,0,0
ENSMUSG00000024914,1498,1801,1737,1669,1134,1158,1531,2574,1573,911
ENSMUSG00000047423,386,434,410,399,479,294,478,527,461,388
ENSMUSG00002076078,0,0,0,0,0,0,0,0,0,0
ENSMUSG00000117771,694,527,410,487,323,412,439,560,511,331
ENSMUSG00000117845,0,0,0,0,0,0,0,0,0,0
ENSMUSG00000024912,2,2,4,2,3,1,3,3,1,2
ENSMUSG00000095098,255,315,291,411,548,236,339,504,411,477
ENSMUSG00000025083,121,160,343,295,389,176,265,281,358,899
ENSMUSG00000024911,663,717,546,601,315,528,732,792,708,458
ENSMUSG00000024910,35,26,15,16,14,35,28,36,18,15
ENSMUSG00000024909,223,236,230,221,128,203,298,247,278,170
ENSMUSG00000024906,434,444,372,337,241,369,400,428,339,594
ENSMUSG00000117966,2,3,2,1,0,2,1,5,3,1
ENSMUSG00000056201,14982,13839,14633,14551,12815,11439,13664,16938,12576,6829
ENSMUSG00000056185,684,926,1008,926,990,936,1107,1541,1230,1394
ENSMUSG00000100937,30,29,38,29,29,33,36,19,48,39
ENSMUSG00000024922,3,3,1,1,1,3,2,2,4,2
ENSMUSG00000117861,0,0,0,1,0,0,0,0,0,0
ENSMUSG00000049562,34,58,42,71,64,36,47,45,69,33
ENSMUSG00000024925,234,224,179,127,156,134,148,197,160,206
ENSMUSG00000024921,2324,2472,3186,3346,2938,2273,1991,1900,1763,3411
ENSMUSG00000093628,1,0,0,0,0,0,0,1,0,0
ENSMUSG00000093772,5,6,5,7,5,7,10,8,5,6
ENSMUSG00000118331,0,0,0,0,1,1,1,0,0,0
ENSMUSG00000074913,0,0,0,0,0,0,0,0,0,0
ENSMUSG00000118313,1,0,0,0,0,0,0,0,1,0
ENSMUSG00000118209,0,0,1,2,1,0,1,0,2,0
ENSMUSG00000118020,1,2,1,0,2,1,0,1,0,4
ENSMUSG00000024926,801,742,653,723,636,759,714,850,759,707
ENSMUSG00000024927,443,541,529,438,325,333,439,526,429,345
ENSMUSG00000024924,1005,1183,1445,1809,1829,1629,1422,915,1430,2703
ENSMUSG00000047298,2,2,4,0,3,5,7,1,6,5
ENSMUSG00000117752,0,1,0,1,0,1,0,0,0,1
ENSMUSG00000117705,0,0,1,0,0,1,0,0,0,0
ENSMUSG00000041360,1149,936,1097,1131,831,1119,744,763,886,627
ENSMUSG00000118072,0,0,0,0,0,0,0,0,0,0
ENSMUSG00000088266,0,0,0,0,0,0,0,0,0,0
ENSMUSG00000040929,1502,1270,1364,1430,1197,1486,1042,537,767,549
ENSMUSG00000025085,944,1465,2438,3067,2137,1909,2194,2434,3126,4331
ENSMUSG00000092617,0,1,0,0,0,0,0,0,0,0
ENSMUSG00000092182,0,0,0,0,0,0,0,0,1,0
ENSMUSG00000117788,0,0,0,1,1,2,1,0,0,1
ENSMUSG00000101084,0,0,0,0,0,0,1,0,0,0
ENSMUSG00000117862,0,0,0,0,0,1,0,0,0,0
ENSMUSG00000117684,0,0,0,0,1,0,0,0,0,0
ENSMUSG00000117670,4,3,10,11,3,5,5,1,9,7
ENSMUSG00000033478,763,778,774,752,561,747,723,547,622,620
ENSMUSG00000117927,0,2,0,0,0,0,0,5,1,1
ENSMUSG00000052942,57,63,115,166,102,210,239,110,142,48
ENSMUSG00000089952,0,0,1,0,0,0,1,0,0,0
ENSMUSG00000025086,303,377,464,634,348,330,363,401,509,342
ENSMUSG00000097735,0,0,0,1,0,0,1,0,1,0
ENSMUSG00000067351,2,4,5,4,1,2,3,3,4,1
ENSMUSG00000090737,819,770,618,576,602,676,600,578,610,312
ENSMUSG00000056917,429,417,440,421,353,289,517,429,435,172
ENSMUSG00000098069,0,0,0,0,0,0,0,1,0,0
ENSMUSG00000118178,1,0,0,0,1,0,0,0,0,0
ENSMUSG00000118248,0,0,0,0,0,0,0,0,0,0
ENSMUSG00000117770,0,0,1,0,1,3,0,0,0,0
ENSMUSG00000117978,0,0,0,0,0,1,0,0,0,0
ENSMUSG00000024935,271,371,494,721,1324,290,412,730,698,730
ENSMUSG00000089993,50,50,31,28,15,36,44,33,23,5
ENSMUSG00000054843,1145,1217,1131,1368,2201,1630,1429,954,1386,1247
ENSMUSG00000093757,0,0,0,0,0,0,0,0,0,0
ENSMUSG00000117871,0,3,0,1,1,0,1,0,2,0
ENSMUSG00000087002,0,0,0,0,0,0,0,0,0,0
ENSMUSG00000064202,24,16,21,21,67,16,11,16,27,44
ENSMUSG00000040105,177,212,262,326,563,280,285,394,440,761
ENSMUSG00000118165,2,2,0,1,1,2,2,1,1,3
ENSMUSG00000025089,294,285,382,440,637,898,919,706,882,476
ENSMUSG00000118253,0,0,0,0,0,0,0,0,0,0
ENSMUSG00000025090,0,0,1,1,1,1,0,0,3,2
ENSMUSG00000100001,0,0,0,0,1,0,1,0,1,0
ENSMUSG00000046008,2,0,6,5,6,3,3,4,3,0
ENSMUSG00000118223,0,0,0,0,0,0,0,0,0,0
ENSMUSG00000101088,0,0,0,0,0,0,0,0,0,0
ENSMUSG00000024780,1568,1251,1083,1214,1571,1581,1059,740,969,2702
ENSMUSG00000042179,1,2,0,1,0,1,2,3,0,0
ENSMUSG00000054874,1551,1878,1596,1602,959,1216,2004,1787,2154,781
ENSMUSG00000063754,1509,1039,926,970,513,1557,868,1207,850,699
ENSMUSG00000025091,1,1,0,2,2,0,0,2,1,0
ENSMUSG00000024782,887,798,895,850,902,754,742,710,904,1283
ENSMUSG00000100075,9,6,9,10,12,15,19,9,17,9
ENSMUSG00000098568,0,0,0,0,0,0,0,0,0,0
ENSMUSG00000118320,0,0,0,0,0,0,0,0,0,0
ENSMUSG00000026931,0,0,0,0,2,1,0,1,1,0
ENSMUSG00002076056,0,0,0,0,0,0,0,0,0,0
ENSMUSG00000091410,0,3,1,1,0,0,0,0,2,1
ENSMUSG00000024785,245,197,193,229,151,136,194,228,215,169
ENSMUSG00000004054,291,274,319,232,263,196,318,232,261,306
ENSMUSG00000065556,0,0,0,0,0,0,0,0,0,0
ENSMUSG00000118077,1,0,0,0,0,0,0,0,1,1
ENSMUSG00000068466,4782,3318,2415,2870,1355,4283,2388,2226,2401,1113
ENSMUSG00000024936,4,2,4,1,0,3,9,0,3,3
ENSMUSG00000025092,1282,1721,2349,2529,4486,2009,2034,2197,2796,3100
ENSMUSG00000092813,0,0,0,0,0,0,0,0,0,0
ENSMUSG00000048029,41,40,41,31,45,22,16,29,36,36
ENSMUSG00000024789,1260,1345,1631,1646,694,1643,1144,910,1012,698
ENSMUSG00000050957,5,3,2,1,1,6,3,5,5,3
ENSMUSG00000039097,9,16,11,15,4,4,1,14,17,4
ENSMUSG00000041362,2173,2896,4629,4830,1406,1979,1697,3025,2844,768
ENSMUSG00000118377,13,12,10,13,9,17,13,8,16,4
ENSMUSG00000006270,96,105,43,50,13,33,1,6,4,0
ENSMUSG00000117834,1,0,0,0,0,0,0,0,0,0
ENSMUSG00000040901,1,0,0,2,0,0,0,1,0,0
ENSMUSG00000101630,0,0,0,0,2,0,0,0,0,0
ENSMUSG00000016495,466,452,319,353,184,396,360,318,303,238
ENSMUSG00000025094,703,557,309,202,214,744,488,588,793,670
ENSMUSG00000016496,27,30,25,34,14,18,8,13,12,13
ENSMUSG00000117964,8,1,2,6,3,2,1,4,4,0
ENSMUSG00000074746,883,816,956,1002,1438,1013,896,677,1185,1182
ENSMUSG00000067038,5408,4445,3352,3095,1182,3738,3723,4810,2902,1243
ENSMUSG00000118276,0,0,0,0,1,0,0,0,0,0
ENSMUSG00000110210,3,2,0,0,0,1,0,0,0,1
ENSMUSG00000043969,720,445,355,293,142,467,418,345,179,25
ENSMUSG00000100119,0,0,0,0,0,0,0,0,0,0
ENSMUSG00000118118,0,0,0,0,0,0,0,0,0,0
ENSMUSG00000016498,1,1,2,0,0,0,1,1,4,0
ENSMUSG00000118031,0,0,0,0,0,0,0,0,0,0
ENSMUSG00000118190,0,0,0,0,0,0,0,0,0,0
ENSMUSG00000090965,8,2,2,4,0,0,3,0,1,5
ENSMUSG00000040022,889,841,1057,1299,1324,1021,864,629,1006,776
ENSMUSG00000091378,1,1,1,2,1,2,0,3,5,0
ENSMUSG00000118291,0,0,1,0,2,1,2,0,2,2
ENSMUSG00000118166,0,0,0,0,0,0,3,0,0,1
ENSMUSG00000057858,347,265,259,276,221,778,429,316,354,353
ENSMUSG00000043623,0,2,0,0,3,0,1,0,2,0
ENSMUSG00000099678,0,0,0,0,0,0,0,0,0,0
ENSMUSG00000045052,2,3,3,4,3,7,10,12,11,4
ENSMUSG00000024937,431,501,491,509,428,473,436,749,639,228
ENSMUSG00000024939,1,0,0,0,0,0,0,0,0,0
ENSMUSG00000118125,103,101,102,117,66,101,132,124,126,41
ENSMUSG00000038658,981,1015,1096,1023,1012,1091,887,623,885,1158
ENSMUSG00000079478,3,5,4,7,3,2,4,8,4,5
ENSMUSG00000033417,869,714,690,681,695,913,686,487,657,656
ENSMUSG00002075851,0,0,0,0,0,0,0,0,0,0
ENSMUSG00000117790,1,0,1,0,1,0,0,0,0,0
ENSMUSG00000072437,355,430,436,458,430,577,569,575,594,280
ENSMUSG00000024991,6370,5044,5940,5781,4627,7007,4453,3529,4463,3586
ENSMUSG00000118735,0,0,0,0,0,0,0,0,0,0
ENSMUSG00002075991,0,0,0,0,0,0,0,0,0,0
ENSMUSG00002075125,0,0,0,1,0,0,0,0,1,1
ENSMUSG00000046324,338,283,331,491,1199,432,394,394,567,1597
ENSMUSG00000024806,0,1,0,0,0,0,0,0,0,0
ENSMUSG00000024940,728,630,719,506,421,432,651,487,830,1842
ENSMUSG00000024993,378,346,382,456,453,414,312,303,446,645
ENSMUSG00000046138,1591,1384,1713,1600,1110,1437,1214,674,1249,1107
ENSMUSG00000118251,0,0,0,0,0,0,0,1,1,0
ENSMUSG00000083036,0,0,0,0,0,0,0,0,0,0
ENSMUSG00000074909,563,515,467,462,492,973,663,614,643,960
ENSMUSG00000117883,0,0,0,0,0,0,0,0,0,0
ENSMUSG00000063698,110,89,85,100,184,141,98,121,88,259
ENSMUSG00000024997,447,389,348,574,741,345,504,522,647,776
ENSMUSG00000024810,6,4,23,13,204,10,10,29,142,379
ENSMUSG00000087937,0,0,0,0,0,0,0,0,0,0
ENSMUSG00000024815,0,0,0,0,0,0,0,0,0,0
ENSMUSG00000003228,391,387,467,430,410,468,401,316,333,629
ENSMUSG00000096578,2,1,2,2,3,3,1,0,1,1
ENSMUSG00000088894,0,0,0,0,0,0,0,1,0,0
ENSMUSG00000074733,609,531,536,475,494,634,450,248,371,840
ENSMUSG00000070263,1,1,0,0,0,0,0,0,0,0
ENSMUSG00000118252,451,438,242,330,243,555,441,368,391,293
ENSMUSG00000094649,46,30,36,26,18,37,36,28,34,7
ENSMUSG00000069475,0,0,0,0,0,0,0,0,0,0
ENSMUSG00000024817,1702,1484,1383,1105,725,1663,1200,936,883,818
ENSMUSG00000024941,868,933,975,953,981,856,1041,1439,1137,1016
ENSMUSG00000059326,344,390,381,476,297,411,644,769,632,223
ENSMUSG00000117740,1,0,1,1,0,2,2,3,1,0
ENSMUSG00000117782,0,0,0,0,0,0,0,0,0,0
ENSMUSG00000117951,4,1,0,0,3,0,0,1,0,7
ENSMUSG00000095993,0,0,0,0,0,0,0,0,0,0
ENSMUSG00000118197,5,7,0,2,0,7,6,2,1,2
ENSMUSG00000024827,564,369,289,279,246,276,215,175,286,299
ENSMUSG00000058607,1,4,1,2,1,2,2,2,3,0
ENSMUSG00000024863,0,1,0,0,0,0,1,0,0,0
ENSMUSG00002075891,0,0,0,0,0,0,0,0,0,0
ENSMUSG00002075253,0,0,0,0,0,0,0,0,0,0
ENSMUSG00000118374,0,0,0,0,0,0,0,0,0,0
ENSMUSG00000117953,0,0,0,0,0,0,0,0,0,0
ENSMUSG00000058816,1,4,4,2,1,3,1,4,2,1
ENSMUSG00000024868,6,9,3,1,1,19,31,14,16,1
ENSMUSG00000052920,74,91,142,161,186,184,167,98,189,276
ENSMUSG00002076671,0,0,0,0,0,0,0,0,0,0
ENSMUSG00000053536,1201,1047,987,1168,996,1495,1114,915,1025,1139
ENSMUSG00000118011,0,0,0,0,0,0,0,0,0,0
ENSMUSG00000052595,0,4,2,0,0,0,1,0,0,0
ENSMUSG00000114443,1,2,1,0,0,3,0,1,0,0
ENSMUSG00000118366,0,0,0,0,0,0,0,0,1,1
ENSMUSG00000024887,35,35,45,55,243,62,53,27,87,524
ENSMUSG00000040451,136,163,222,195,332,168,210,169,251,526
ENSMUSG00000118064,1,1,1,0,2,3,4,1,1,1
ENSMUSG00000118355,0,0,0,0,0,0,0,0,0,0
ENSMUSG00000118329,0,0,0,0,0,0,0,0,0,0
ENSMUSG00000062456,4820,3720,2528,2508,1449,3099,3454,3571,2971,2166
ENSMUSG00000024896,306,347,298,425,603,426,407,458,479,502
ENSMUSG00000118106,12,11,4,6,4,2,6,4,12,1
ENSMUSG00000024899,15,33,37,40,152,28,42,20,66,158
ENSMUSG00000013662,1562,1415,1307,1510,1824,2003,1335,1277,1582,1994
ENSMUSG00000013663,1971,1949,2169,2836,3383,2404,2098,1660,2655,2119
ENSMUSG00002074891,0,0,0,0,0,0,0,0,0,0
ENSMUSG00000117664,0,0,0,0,1,0,1,0,0,0
ENSMUSG00000118196,0,0,1,0,1,0,2,2,1,0
ENSMUSG00000071573,10,11,6,15,20,27,18,15,16,19
ENSMUSG00000106278,0,0,0,0,0,0,0,0,0,0
ENSMUSG00000087112,1,1,3,3,3,6,2,2,3,2
ENSMUSG00000118289,0,0,0,0,0,0,0,0,0,0
ENSMUSG00000086875,0,0,0,0,0,0,0,0,0,0
ENSMUSG00000079344,3,7,0,0,0,17,8,0,0,0
ENSMUSG00000118121,0,0,0,0,0,0,0,0,0,0
ENSMUSG00000024766,95,67,112,100,86,140,81,113,168,192
ENSMUSG00000118513,0,0,0,0,0,0,0,0,0,0
ENSMUSG00002075994,1,0,0,0,0,0,0,0,0,0
ENSMUSG00000086812,0,0,0,0,0,0,0,0,0,0
ENSMUSG00000118360,0,0,0,0,0,0,0,0,0,0
ENSMUSG00000117667,3,1,2,3,1,3,0,0,1,2
ENSMUSG00000085924,3,3,0,0,1,3,3,0,0,0
ENSMUSG00000087303,10,10,2,1,2,25,15,2,2,3
ENSMUSG00000079342,0,0,0,0,0,0,0,0,0,0
ENSMUSG00000037603,19,10,9,6,7,15,14,9,6,16
ENSMUSG00000085934,0,0,0,0,0,0,0,0,0,0
ENSMUSG00000117821,0,0,0,0,0,0,0,0,0,0
ENSMUSG00000065380,0,0,0,0,0,0,0,0,0,0
ENSMUSG00000024768,0,0,0,0,1,0,0,0,0,0
ENSMUSG00000024771,0,0,0,0,0,0,0,0,0,0
ENSMUSG00000118302,0,0,1,0,0,1,0,0,0,0
ENSMUSG00000024770,0,0,0,0,1,0,0,0,1,0
ENSMUSG00002075813,0,0,0,0,0,0,0,0,0,0
ENSMUSG00000056078,0,0,0,0,0,0,0,0,0,0
ENSMUSG00000024774,5,5,2,8,5,1,5,0,2,0
ENSMUSG00000024776,44,59,131,172,223,112,119,236,222,215
ENSMUSG00000035783,44,86,214,130,143,68,120,11,171,182
ENSMUSG00000118066,0,0,0,0,0,0,0,0,0,0
ENSMUSG00000024778,3,4,10,5,7,1,3,5,4,8
ENSMUSG00002075250,0,0,0,0,0,0,0,0,0,0
ENSMUSG00002076079,0,0,0,0,0,0,0,0,0,0
ENSMUSG00000050370,1,2,5,3,5,0,4,1,3,6
ENSMUSG00000097558,0,2,8,4,23,4,12,10,17,11
ENSMUSG00000024781,264,284,349,292,352,386,443,343,388,404
ENSMUSG00000118048,0,0,0,0,0,0,0,0,0,0
ENSMUSG00000045932,147,140,186,182,153,98,110,130,223,97
ENSMUSG00000074896,6,5,13,2,7,3,7,1,2,48
ENSMUSG00000079339,5,3,15,11,13,14,14,14,11,15
ENSMUSG00000062488,1,0,2,2,4,1,3,0,5,41
ENSMUSG00000024786,0,0,0,3,0,1,0,0,2,0
ENSMUSG00000067297,6,5,7,5,4,3,5,9,5,2
ENSMUSG00000118260,0,0,0,0,0,0,0,0,0,0
ENSMUSG00000034459,0,1,3,1,3,3,0,1,3,8
ENSMUSG00000024784,2,1,1,4,0,1,0,1,3,1
ENSMUSG00000009378,40,61,62,73,42,65,116,13,50,43
ENSMUSG00000118098,0,0,0,0,0,0,0,0,0,0
ENSMUSG00002074940,0,0,0,0,0,0,0,0,0,0
ENSMUSG00000118083,0,0,0,0,0,0,0,0,0,1
ENSMUSG00000088212,0,0,0,0,0,0,0,0,0,0
ENSMUSG00000117945,0,0,0,0,0,0,0,0,0,0
ENSMUSG00000024777,1118,1570,1844,2109,2665,1127,1715,2980,2650,2173
ENSMUSG00000033610,332,288,336,318,405,397,381,431,442,410
ENSMUSG00000065594,0,0,0,0,0,0,0,0,0,0
ENSMUSG00000024773,601,720,818,720,813,612,929,914,1036,808
ENSMUSG00000065582,0,0,0,0,0,0,2,0,0,0
ENSMUSG00000065523,0,0,0,0,0,0,0,0,0,1
ENSMUSG00000085196,3,5,5,10,3,4,3,5,7,5
ENSMUSG00000024772,1098,1255,1354,1091,511,1202,1376,1595,1291,899
ENSMUSG00000024769,199,229,209,182,104,210,266,257,301,815
ENSMUSG00000117681,0,0,0,0,0,0,0,0,0,0
ENSMUSG00000024795,648,340,266,120,40,254,195,59,136,32
ENSMUSG00000089151,1,0,0,0,0,0,0,0,0,0
ENSMUSG00000101966,0,1,0,0,0,0,0,0,1,0
ENSMUSG00000117865,0,0,0,1,1,0,0,0,0,0
ENSMUSG00000117973,0,0,0,0,0,0,0,0,0,0
ENSMUSG00000089087,0,0,0,0,0,0,0,0,0,0
ENSMUSG00002075816,0,0,0,0,0,0,0,0,0,0
ENSMUSG00002076303,0,0,0,0,0,0,0,0,0,0
ENSMUSG00000118212,0,0,0,2,2,0,1,3,0,1
ENSMUSG00000077205,0,0,0,0,0,0,0,0,0,0
ENSMUSG00000024798,20,58,93,149,257,71,114,268,263,174
ENSMUSG00000024800,367,278,258,212,161,242,201,234,175,181
ENSMUSG00000024803,0,0,0,0,2,0,2,1,3,1
ENSMUSG00000117998,0,0,2,0,2,0,0,0,1,0
ENSMUSG00000118032,0,0,0,0,0,1,0,0,0,0
ENSMUSG00000114859,0,1,0,0,2,0,0,0,0,1
ENSMUSG00000100969,0,0,0,1,0,0,0,0,1,0
ENSMUSG00000117761,0,0,0,0,0,0,0,0,0,0
ENSMUSG00000118966,0,0,0,0,0,0,0,0,0,0
ENSMUSG00000118182,0,0,0,0,0,0,0,0,0,0
ENSMUSG00000117928,0,0,0,0,0,0,0,0,0,0
ENSMUSG00000118393,0,0,0,0,0,0,0,0,0,0
ENSMUSG00000118052,2,3,23,13,39,0,4,3,5,6
ENSMUSG00000118203,0,0,0,0,0,0,0,0,0,0
ENSMUSG00000117886,9,10,10,6,1,7,11,6,1,10
ENSMUSG00000024947,1314,1363,1281,1060,922,1062,1232,1295,1140,696
ENSMUSG00000024805,223,164,107,111,173,136,121,73,113,345
ENSMUSG00000114285,0,0,1,0,0,0,0,0,0,0
ENSMUSG00002076963,0,0,0,0,0,0,0,0,0,0
ENSMUSG00000114409,0,0,0,1,0,1,0,4,0,3
ENSMUSG00000114235,3,3,1,1,5,1,4,2,3,3
ENSMUSG00000024831,237,231,208,193,167,214,193,205,214,195
ENSMUSG00000024829,380,308,258,301,260,278,350,392,291,285
ENSMUSG00000099261,0,0,1,0,0,0,0,0,0,0
ENSMUSG00000118213,0,0,0,0,0,0,0,0,0,0
ENSMUSG00000024900,476,410,500,569,499,495,521,310,727,443
ENSMUSG00000041180,396,341,357,408,482,311,338,156,323,217
ENSMUSG00000067279,59,87,212,218,435,138,180,193,249,459
ENSMUSG00000117938,0,0,0,0,0,0,0,0,0,0
ENSMUSG00000024905,2,4,9,8,3,5,7,13,8,3
ENSMUSG00000024907,11,25,14,33,38,8,12,68,53,12
ENSMUSG00000024811,3309,2752,2403,2417,2286,4630,3046,1904,2624,2385
ENSMUSG00000047632,341,362,323,261,73,627,659,615,228,84
ENSMUSG00000024948,647,835,913,868,922,804,1095,1196,1287,1769
ENSMUSG00000040565,1101,1005,890,933,757,1068,814,471,654,686
ENSMUSG00000099230,0,0,0,0,0,0,0,0,0,0
ENSMUSG00000024908,2739,2197,2160,1881,1403,2322,1863,1350,1686,1715
ENSMUSG00000114315,0,0,0,0,0,0,0,0,0,0
ENSMUSG00000075908,0,0,0,0,1,2,0,0,0,1
ENSMUSG00000114302,0,0,0,0,0,0,0,0,0,0
ENSMUSG00000024913,483,431,428,264,181,289,305,184,286,127
ENSMUSG00000118249,2,3,2,2,1,2,0,0,2,1
ENSMUSG00000035372,379,423,519,436,609,299,370,455,381,270
ENSMUSG00000117739,20,16,15,17,10,16,3,10,5,14
ENSMUSG00000118231,1,0,0,0,0,0,0,2,0,0
ENSMUSG00000118096,0,0,0,0,0,0,0,0,0,0
ENSMUSG00000117773,8,3,8,5,3,16,7,3,4,2
ENSMUSG00000024949,4311,4130,3719,3461,2365,3519,3379,3074,2992,2377
ENSMUSG00000032648,31,32,79,54,302,37,86,62,139,930
ENSMUSG00000053799,371,455,588,813,723,369,354,464,562,355
ENSMUSG00000062432,0,0,1,0,1,0,0,0,0,0
ENSMUSG00000024987,0,0,0,1,3,0,1,0,3,1
ENSMUSG00000117989,0,0,0,0,0,0,0,0,0,0
ENSMUSG00000117939,12,8,11,12,6,14,14,18,11,25
ENSMUSG00000118115,0,0,0,0,0,0,0,0,0,0
ENSMUSG00000032946,148,280,648,1185,792,207,547,1938,1893,521
ENSMUSG00000084876,2,1,1,5,1,2,1,1,0,2
ENSMUSG00000045098,2064,1962,1714,1710,983,2564,1851,1014,1398,1233
ENSMUSG00000082848,1,3,1,1,1,1,0,0,0,0
ENSMUSG00000033768,2532,3976,5037,7286,7112,3750,5668,9506,8899,3784
ENSMUSG00000048612,75,92,161,140,97,120,157,17,143,145
ENSMUSG00000117897,11,14,16,26,6,19,19,10,22,6
ENSMUSG00000052188,58,65,62,42,20,59,45,51,38,76
ENSMUSG00000069554,0,1,1,0,1,2,0,0,3,0
ENSMUSG00000061742,2,8,17,22,9,6,5,15,11,1
ENSMUSG00000024989,462,229,152,63,15,167,99,41,66,10
ENSMUSG00000064646,0,0,0,0,0,0,0,0,0,0
ENSMUSG00000054200,0,1,2,1,1,1,1,3,0,1
ENSMUSG00000024990,22,41,63,19,97,15,43,21,39,24
ENSMUSG00000024992,6,4,1,4,4,12,10,0,6,2
ENSMUSG00000054237,264,207,170,184,112,293,176,139,159,255
ENSMUSG00000067242,237,278,456,667,1879,282,352,517,678,1485
ENSMUSG00000118242,1,1,1,0,2,3,1,0,1,1
ENSMUSG00000105709,3,1,2,3,3,2,1,8,3,19
ENSMUSG00000118381,0,0,0,0,0,0,0,0,0,0
ENSMUSG00000117920,0,2,1,2,2,0,0,0,0,1
ENSMUSG00000118335,0,0,0,1,0,0,0,0,0,0
ENSMUSG00000044026,89,52,67,62,70,58,60,36,39,86
ENSMUSG00002075727,0,0,0,0,0,0,0,0,0,0
ENSMUSG00000024998,739,496,474,366,323,452,445,247,365,658
ENSMUSG00000117935,17,19,15,15,24,33,30,26,19,29
ENSMUSG00000101079,1,1,0,0,0,0,0,0,0,1
ENSMUSG00000024999,540,436,504,375,328,559,391,360,384,353
ENSMUSG00000048720,358,369,368,387,282,475,337,354,542,388
ENSMUSG00002075032,0,0,0,0,0,0,0,0,0,0
ENSMUSG00000025001,1053,493,342,241,84,501,274,109,281,88
ENSMUSG00000114610,3,4,2,1,1,6,4,2,1,5
ENSMUSG00000025002,0,0,1,1,0,0,2,1,0,0
ENSMUSG00002075482,0,0,0,0,0,0,0,0,0,0
ENSMUSG00000067231,0,0,0,0,0,2,1,1,2,0
ENSMUSG00000067229,0,0,0,0,0,0,0,0,0,0
ENSMUSG00000093610,0,0,0,0,0,0,0,0,0,0
ENSMUSG00000003053,0,0,0,0,0,0,0,0,0,0
ENSMUSG00000118146,0,0,0,0,0,0,0,0,0,0
ENSMUSG00000032808,0,0,0,0,0,0,0,0,0,0
ENSMUSG00000025003,0,0,0,0,0,0,0,0,0,0
ENSMUSG00000062624,0,0,0,0,0,0,0,0,0,0
ENSMUSG00000074882,0,1,0,0,0,1,0,0,0,0
ENSMUSG00000025004,0,0,0,0,1,0,0,0,0,0
ENSMUSG00000036278,26,32,31,40,41,17,31,54,32,107
ENSMUSG00000092008,0,0,0,0,0,0,0,0,0,0
ENSMUSG00000117901,68,58,71,56,61,31,53,84,41,57
ENSMUSG00000117738,0,0,0,0,0,0,0,0,0,0
ENSMUSG00000047787,358,328,316,343,432,174,236,176,262,203
ENSMUSG00000042248,0,0,0,0,0,0,0,0,0,0
ENSMUSG00000067225,0,0,0,0,0,0,0,0,0,0
ENSMUSG00000024767,1314,1298,1252,1065,1672,1077,1244,1629,1189,1276
ENSMUSG00000035885,1071,1310,1102,1210,3041,605,1736,2425,2180,2791
ENSMUSG00000054827,0,0,0,0,0,0,0,0,0,0
ENSMUSG00000024764,980,1042,847,870,612,961,992,961,1083,598
ENSMUSG00000119835,0,0,0,0,0,0,0,0,0,0
ENSMUSG00002075307,0,0,0,0,0,0,0,0,0,0
ENSMUSG00000060613,0,0,0,0,0,0,0,1,0,1
ENSMUSG00000117785,5,4,14,8,26,1,5,3,7,117
ENSMUSG00000098091,1079,1073,1272,1111,2873,746,868,1278,1355,985
ENSMUSG00000055044,84,49,45,26,62,39,41,10,38,36
ENSMUSG00000117793,0,1,0,0,0,0,0,0,0,1
ENSMUSG00000024968,2789,2155,1183,588,194,1304,1249,839,622,71
ENSMUSG00000025006,1342,1448,1684,1690,1575,1126,1190,492,1044,1324
ENSMUSG00000114796,22,21,25,21,14,24,22,4,15,15
ENSMUSG00000024969,1103,1208,1376,1313,1510,985,1350,1301,1383,866
ENSMUSG00000091558,1,3,1,2,0,2,1,2,4,2
ENSMUSG00000024970,654,651,568,451,361,433,593,612,458,210
ENSMUSG00000117743,31,24,30,30,15,30,24,15,26,17
ENSMUSG00000095690,707,735,614,781,566,754,773,852,925,620
ENSMUSG00000118297,2,1,0,2,0,3,1,0,3,1
ENSMUSG00000041845,35,19,23,17,13,18,22,12,14,25
ENSMUSG00000053080,5201,4896,3729,3899,826,3616,3132,1991,1967,345
ENSMUSG00000098293,8,5,3,11,0,7,7,4,4,1
ENSMUSG00000049303,14,22,35,31,170,17,54,36,77,516
ENSMUSG00000042041,0,1,0,0,0,0,0,1,1,0
ENSMUSG00000025007,1238,1128,946,799,360,1069,911,876,785,324
ENSMUSG00000096592,5,10,11,9,6,12,8,1,6,5
ENSMUSG00000097792,74,81,84,100,88,102,76,97,79,81
ENSMUSG00000024758,6446,6798,7507,8740,17385,8280,8041,10192,11385,10946
ENSMUSG00000025008,250,285,279,333,536,242,265,296,403,307
ENSMUSG00000024892,366,391,550,646,744,330,472,604,854,1337
ENSMUSG00000045045,939,1188,1068,1157,757,726,1107,1605,1227,335
ENSMUSG00000048120,238,167,175,147,222,175,130,116,142,115
ENSMUSG00000090041,7,2,7,6,3,6,2,5,7,3
ENSMUSG00000094388,2,4,3,0,0,4,2,2,2,1
ENSMUSG00000117952,0,0,0,1,0,0,0,0,0,0
ENSMUSG00000108929,8,8,11,12,5,7,2,10,7,1
ENSMUSG00000024889,245,235,220,192,145,179,239,295,204,180
ENSMUSG00000098346,0,0,0,0,0,0,0,0,0,0
ENSMUSG00000025010,632,489,353,332,146,522,359,262,269,189
ENSMUSG00000097740,4,1,1,2,3,0,0,1,1,0
ENSMUSG00000099118,0,0,0,0,0,0,0,0,0,0
ENSMUSG00000024759,820,640,652,694,576,654,591,317,702,982
ENSMUSG00000049164,500,364,285,307,250,585,365,116,330,373
ENSMUSG00000071691,54,52,63,100,26,43,35,65,55,32
ENSMUSG00000117746,0,2,0,0,0,0,0,0,0,0
ENSMUSG00000060675,57,44,44,48,131,31,43,21,92,662
ENSMUSG00000061132,5,10,6,18,80,6,9,20,15,17
ENSMUSG00000096370,86,68,68,40,25,86,62,41,36,35
ENSMUSG00000024972,22,13,8,19,6,19,20,11,17,6
ENSMUSG00000025014,0,0,0,0,1,2,0,1,2,2
ENSMUSG00000050121,0,0,0,0,135,2,0,0,0,548
ENSMUSG00000024973,1,1,1,0,0,0,0,0,0,0
ENSMUSG00000024761,43,41,52,37,70,39,43,48,43,88
ENSMUSG00000024757,1,2,1,1,0,0,2,0,2,0
ENSMUSG00000083160,0,0,0,0,0,0,0,0,0,0
ENSMUSG00000081596,0,0,0,0,0,0,0,0,0,0
ENSMUSG00000117937,4,2,1,1,0,5,2,2,0,0
ENSMUSG00000025013,67,47,23,23,24,99,50,45,44,44
ENSMUSG00000053303,0,0,0,0,0,0,0,0,0,0
ENSMUSG00000118312,0,0,0,0,0,0,0,0,0,0
ENSMUSG00000025016,2571,2398,2226,2376,2691,3446,2408,2137,2782,3139
ENSMUSG00000067656,0,0,0,0,0,0,0,1,0,0
ENSMUSG00002076220,0,0,0,0,0,0,0,1,0,0
ENSMUSG00000118220,64,53,66,42,26,93,58,36,47,44
ENSMUSG00000118036,0,0,0,0,0,0,0,0,0,0
ENSMUSG00000063590,0,0,0,0,0,0,0,0,0,0
ENSMUSG00000025017,36,33,33,30,43,31,42,24,44,29
ENSMUSG00000075044,9,2,3,1,0,4,1,0,0,0
ENSMUSG00000118280,5,6,1,4,5,11,4,0,3,0
ENSMUSG00000044065,0,0,0,0,1,0,0,0,0,1
ENSMUSG00000118345,9,5,4,8,3,12,8,7,3,7
ENSMUSG00000117877,4,3,3,4,0,7,5,1,0,0
ENSMUSG00000025019,690,520,406,379,268,699,398,50,207,246
ENSMUSG00000098286,9,4,3,3,2,8,0,1,4,4
ENSMUSG00000052562,0,0,0,2,2,0,0,1,1,0
ENSMUSG00000110298,2,8,7,10,6,18,32,3,14,11
ENSMUSG00000086174,71,48,46,23,39,41,42,43,29,46
ENSMUSG00000063796,108,214,470,442,495,126,345,260,542,356
ENSMUSG00000024650,141,223,378,364,72,202,485,2,378,36
ENSMUSG00000117763,9,3,12,24,26,6,7,3,7,2
ENSMUSG00000032773,69,137,373,705,2354,9,29,12,31,33
ENSMUSG00002075107,0,0,0,0,0,0,0,0,0,0
ENSMUSG00000010095,1324,1420,1584,1446,1733,1182,1374,1642,1641,1345
ENSMUSG00000025020,1590,1543,1707,1422,1096,1679,1958,1649,1883,390
ENSMUSG00002075271,0,0,0,0,0,0,0,0,0,0
ENSMUSG00000064721,0,0,0,0,0,0,0,0,0,0
ENSMUSG00000065392,0,0,0,0,0,0,0,0,0,0
ENSMUSG00000065281,0,0,0,0,0,0,0,0,0,0
ENSMUSG00000065280,0,0,0,0,0,0,0,0,0,0
ENSMUSG00000065378,0,0,0,0,0,0,0,0,0,0
ENSMUSG00000065782,0,0,0,0,0,0,0,0,0,0
ENSMUSG00000065305,0,0,0,0,0,0,0,0,0,0
ENSMUSG00000065087,0,0,0,0,0,0,0,0,0,0
ENSMUSG00000042729,460,406,312,344,221,363,371,486,372,307
ENSMUSG00000025154,492,270,184,123,76,249,183,67,153,65
ENSMUSG00000090840,21,10,9,8,1,15,16,6,4,0
ENSMUSG00000067199,163,190,154,201,140,150,145,220,142,109
ENSMUSG00000047604,259,232,151,127,92,139,111,101,70,55
ENSMUSG00000035049,454,414,437,565,701,411,386,547,570,407
ENSMUSG00000117675,0,0,1,0,0,0,0,0,0,0
ENSMUSG00000011752,3052,2393,2424,2258,5423,2272,2583,3104,3139,5088
ENSMUSG00000034321,348,250,271,291,185,278,235,242,239,150
ENSMUSG00000025157,351,357,324,343,276,262,286,275,312,223
ENSMUSG00000010110,871,772,893,803,600,932,792,720,741,847
ENSMUSG00000098844,0,0,0,0,0,0,0,0,0,0
ENSMUSG00000010097,3534,3495,3215,2352,1543,3306,2977,2182,2077,2102
ENSMUSG00000117924,665,661,515,440,347,373,547,647,434,296
ENSMUSG00000118346,92,105,84,65,77,88,114,55,79,73
ENSMUSG00000003680,159,164,119,123,85,146,145,123,180,75
ENSMUSG00000118261,0,0,0,0,0,0,0,0,0,0
ENSMUSG00000118305,0,0,0,0,0,0,0,0,0,0
ENSMUSG00000071662,574,451,351,408,482,454,433,506,437,570
ENSMUSG00000071661,65,71,55,60,35,55,72,66,76,36
ENSMUSG00000071660,1050,887,825,727,464,886,722,556,680,624
ENSMUSG00000071659,3685,3596,3446,3706,2866,4650,3246,2981,3462,3616
ENSMUSG00000118124,0,0,0,0,0,0,0,0,0,0
ENSMUSG00000071658,1184,1578,1905,2411,2571,1490,2324,4342,3121,1316
ENSMUSG00000071657,440,496,487,513,626,455,570,863,671,657
ENSMUSG00000071656,13,14,14,21,18,19,20,31,31,16
ENSMUSG00000071655,1508,1399,1597,1373,1014,1231,1117,1498,1017,818
ENSMUSG00000071654,154,139,118,122,155,186,145,176,135,174
ENSMUSG00000025159,965,857,880,834,613,782,855,867,942,714
ENSMUSG00000096740,119,77,77,58,46,75,63,46,55,66
ENSMUSG00000116166,0,0,0,0,0,0,0,0,0,0
ENSMUSG00000070167,12,14,9,11,1,8,5,9,7,5
ENSMUSG00000093314,0,0,0,0,0,0,1,0,0,0
ENSMUSG00000089102,0,0,0,0,0,0,0,0,0,0
ENSMUSG00000025171,93,103,95,79,121,59,99,123,104,136
ENSMUSG00000071653,9,5,7,1,4,6,7,3,5,10
ENSMUSG00000116347,0,0,0,0,0,0,0,0,0,0
ENSMUSG00000071652,342,394,303,278,199,254,320,290,267,190
ENSMUSG00000025172,4,5,9,5,1,1,6,10,7,5
ENSMUSG00000025176,17,19,37,31,16,33,23,29,45,26
ENSMUSG00000090369,4,11,4,4,6,5,8,9,10,1
ENSMUSG00000049670,1190,1412,1386,1425,817,1040,1207,1541,1095,411
ENSMUSG00000025178,633,689,689,681,850,571,683,697,738,1058
ENSMUSG00000018821,27,30,12,25,176,13,19,15,35,102
ENSMUSG00000044345,152,157,169,202,164,128,211,140,222,105
ENSMUSG00000117856,1311,978,825,846,389,1076,880,887,748,290
ENSMUSG00000018820,936,1051,1034,1045,1064,1119,1030,1172,1131,1392
ENSMUSG00000071650,3072,2637,2322,2209,1732,2819,2724,2227,2498,2159
ENSMUSG00000018822,4,11,55,44,25,21,12,42,30,64
ENSMUSG00000071649,766,792,734,739,1044,779,839,1338,923,1179
ENSMUSG00000042532,197,356,453,758,1335,379,577,1025,879,1417
ENSMUSG00000071648,19,23,25,33,34,23,27,27,34,110
ENSMUSG00000071647,216,224,224,215,137,217,243,186,266,379
ENSMUSG00000042401,164,209,214,304,853,200,209,548,482,253
ENSMUSG00000114220,9,3,2,9,9,2,7,5,5,6
ENSMUSG00002075478,0,0,0,0,0,0,0,0,0,0
ENSMUSG00000093234,0,0,0,0,0,0,0,0,0,0
ENSMUSG00000117706,9,3,1,1,0,0,3,2,0,2
ENSMUSG00000117728,2,1,2,1,1,0,0,0,1,7
ENSMUSG00000025184,222,196,185,142,145,275,181,172,201,212
ENSMUSG00000090117,0,0,0,0,0,0,0,0,0,0
ENSMUSG00000071646,2900,2676,2260,1717,861,2211,1902,1674,1454,962
ENSMUSG00000071645,503,452,357,340,252,436,357,393,303,281
ENSMUSG00000025185,2,6,8,7,6,5,7,4,9,5
ENSMUSG00000077768,0,0,0,0,0,0,0,0,0,0
ENSMUSG00000071644,6917,5933,4795,4411,2043,6087,5342,6286,4097,2314
ENSMUSG00000069833,557,469,682,483,306,614,674,125,426,467
ENSMUSG00000024653,1,0,0,0,1,0,0,0,0,0
ENSMUSG00000024654,535,501,667,852,2338,406,445,924,1250,3116
ENSMUSG00000024658,1,0,0,0,5,0,0,0,2,9
ENSMUSG00000117804,129,116,65,97,56,155,104,122,93,57
ENSMUSG00002074975,0,0,0,0,0,0,0,0,0,0
ENSMUSG00000067608,1321,800,579,434,221,627,445,330,483,288
ENSMUSG00000101398,0,0,0,0,0,0,0,0,0,0
ENSMUSG00000071640,16,18,22,18,36,19,18,16,22,65
ENSMUSG00000096818,0,0,0,0,0,0,0,0,0,0
ENSMUSG00000060224,74,79,92,95,97,69,113,71,130,96
ENSMUSG00000100141,6,3,5,4,0,9,3,0,3,1
ENSMUSG00000117756,0,0,0,0,0,0,0,0,0,0
ENSMUSG00000118383,119,106,160,161,78,137,112,77,136,65
ENSMUSG00000118354,0,0,1,0,0,0,0,0,0,2
ENSMUSG00000096872,1,0,0,0,0,0,0,0,0,0
ENSMUSG00002076484,0,0,0,1,0,0,0,0,0,0
ENSMUSG00000118138,77,34,32,34,26,47,28,22,20,25
ENSMUSG00000024660,1230,853,647,404,261,673,463,418,451,226
ENSMUSG00000118325,0,0,0,1,0,0,0,0,0,0
ENSMUSG00002075984,3,4,9,1,2,3,0,4,3,2
ENSMUSG00000118008,1,0,0,1,0,1,1,2,0,0
ENSMUSG00000118065,0,0,0,0,0,0,0,0,0,0
ENSMUSG00000118183,0,1,0,0,0,0,0,1,0,1
ENSMUSG00000118123,1,0,0,0,0,1,0,1,0,1
ENSMUSG00000024661,3924,4737,4501,5533,9517,3486,4548,5523,4460,11036
ENSMUSG00000037418,0,0,11,11,14,1,1,16,21,8
ENSMUSG00000025188,416,360,355,291,124,288,297,267,271,141
ENSMUSG00000090235,20,10,10,20,8,12,17,11,15,4
ENSMUSG00000074852,3,5,6,11,11,4,2,10,8,7
ENSMUSG00002074881,0,0,0,0,0,0,0,0,0,0
ENSMUSG00000117880,0,0,0,0,0,0,0,0,0,0
ENSMUSG00000117682,0,0,0,0,0,0,1,0,0,0
ENSMUSG00000047509,57,29,33,41,53,47,34,20,46,48
ENSMUSG00000114742,0,0,0,1,7,0,0,2,1,5
ENSMUSG00000024663,237,295,307,271,186,247,310,241,335,121
ENSMUSG00000025189,63,120,270,289,1306,107,198,303,328,1823
ENSMUSG00000114721,0,0,1,3,1,0,1,0,0,0
ENSMUSG00000025190,539,514,600,703,2967,577,724,989,1154,3939
ENSMUSG00000118221,0,0,0,0,0,0,0,0,0,0
ENSMUSG00000118308,0,0,0,0,0,0,0,0,0,0
ENSMUSG00000117991,0,0,0,0,0,0,0,0,0,0
ENSMUSG00000092250,14,7,6,6,0,1,4,0,0,0
ENSMUSG00000044220,63,43,27,8,0,9,13,5,0,0
ENSMUSG00002074883,0,0,0,0,0,0,0,0,0,0
ENSMUSG00000118236,0,1,2,1,1,0,1,0,0,1
ENSMUSG00000040414,532,637,580,731,433,471,476,589,633,573
ENSMUSG00000024664,273,450,570,677,620,398,581,1108,1053,340
ENSMUSG00000025192,142,162,164,148,180,136,160,102,124,160
ENSMUSG00000024665,3551,3716,4882,4877,4681,3254,3664,6322,5143,2674
ENSMUSG00000117700,0,0,0,0,0,0,0,0,0,0
ENSMUSG00000040018,447,396,339,414,455,431,398,434,500,388
ENSMUSG00000010663,2835,2672,2894,2806,3137,2880,2610,3347,3073,3201
ENSMUSG00000098363,7,7,2,1,1,6,5,1,2,2
ENSMUSG00000064032,16,13,10,6,2,10,8,4,6,2
ENSMUSG00000025193,27,29,17,25,40,36,29,30,30,57
ENSMUSG00000024742,17,12,6,2,4,7,5,2,9,8
ENSMUSG00000036372,539,562,508,568,347,441,415,509,507,276
ENSMUSG00000025194,1,3,6,9,10,1,6,11,10,1
ENSMUSG00000025195,467,358,367,304,228,352,316,265,345,247
ENSMUSG00000036098,35,36,54,39,723,51,65,68,93,1326
ENSMUSG00000088490,2,3,0,1,2,3,1,3,2,1
ENSMUSG00000118000,0,0,2,1,0,0,2,0,4,2
ENSMUSG00002075235,0,0,0,0,0,0,1,0,0,0
ENSMUSG00000025196,1,8,12,5,7,6,15,9,6,2
ENSMUSG00000035735,366,572,848,1060,2122,453,761,1050,1315,1100
ENSMUSG00000118330,5,2,9,2,12,7,6,6,8,9
ENSMUSG00000025197,0,2,0,0,2,2,0,0,0,0
ENSMUSG00000025198,379,346,419,416,418,406,340,320,394,271
ENSMUSG00000025199,1024,938,727,755,553,1196,831,466,839,963
ENSMUSG00000025200,377,315,293,372,185,380,276,308,316,210
ENSMUSG00000077391,0,0,0,1,0,0,1,0,1,0
ENSMUSG00000024743,1326,2260,2575,3652,5138,2436,3287,4354,4315,4759
ENSMUSG00000118310,12,28,31,40,38,39,43,25,58,32
ENSMUSG00000090291,9,11,20,35,149,10,25,28,39,8
ENSMUSG00000057506,496,463,408,484,376,503,469,590,579,344
ENSMUSG00000037578,6,2,2,3,4,5,1,12,8,42
ENSMUSG00000025202,18,22,21,24,29,29,48,67,50,118
ENSMUSG00000117900,1,0,1,0,1,1,5,2,2,12
ENSMUSG00000118217,0,1,0,0,0,1,0,0,1,1
ENSMUSG00000117958,0,0,0,0,0,0,0,0,0,0
ENSMUSG00000035179,26,25,26,56,26,18,29,84,76,23
ENSMUSG00000025203,14157,13463,15807,15129,20505,12942,14220,14283,17055,32643
ENSMUSG00000093315,0,0,0,0,0,0,0,0,0,0
ENSMUSG00000117957,1,0,0,0,1,1,0,0,1,0
ENSMUSG00000050195,20,6,11,4,4,20,10,9,3,6
ENSMUSG00000037071,287,361,862,689,2569,392,552,737,661,5976
ENSMUSG00000024668,465,435,393,380,485,492,410,403,420,541
ENSMUSG00000118076,0,0,0,0,0,0,1,0,0,0
ENSMUSG00000117796,0,0,0,0,0,0,0,0,0,0
ENSMUSG00000036961,126,54,34,17,3,46,3,13,6,4
ENSMUSG00000034820,2469,2337,2223,1857,1099,2599,2141,1768,1696,1759
ENSMUSG00000051984,13,9,8,5,4,10,17,9,16,15
ENSMUSG00000091471,0,0,0,0,0,0,0,0,0,0
ENSMUSG00000024667,154,158,114,113,58,119,145,135,143,104
ENSMUSG00000025204,484,471,383,566,870,704,603,907,824,929
ENSMUSG00000024666,121,92,90,92,62,75,104,123,107,52
ENSMUSG00000117955,26,14,23,19,15,24,20,20,17,13
ENSMUSG00000036450,1144,994,838,808,801,926,823,664,817,917
ENSMUSG00000117911,0,0,0,0,2,1,0,0,0,0
ENSMUSG00000117823,0,0,0,0,0,1,1,0,1,1
ENSMUSG00000004231,0,11,63,2,1,116,105,20,148,38
ENSMUSG00000092469,0,0,0,0,0,1,0,0,0,0
ENSMUSG00000098952,0,0,0,0,0,0,0,0,0,0
ENSMUSG00000092369,1,0,1,0,0,6,2,0,3,2
ENSMUSG00000117967,1,0,0,0,0,0,0,0,0,0
ENSMUSG00000034445,139,166,133,218,146,128,147,244,210,100
ENSMUSG00000036097,1169,1164,1230,1139,727,1596,1224,738,1041,1324
ENSMUSG00000065159,0,0,0,0,0,0,0,0,0,0
ENSMUSG00000118204,4,2,0,1,2,2,4,0,3,2
ENSMUSG00000034371,304,283,242,252,162,292,290,289,291,123
ENSMUSG00000025207,2238,3005,3513,3143,1223,2514,3300,3709,3621,1648
ENSMUSG00000025208,109,135,64,65,108,92,122,117,131,149
ENSMUSG00000025209,500,430,395,369,249,390,289,227,210,223
ENSMUSG00000024740,7152,5972,4688,4207,3480,6633,5229,4893,4639,3993
ENSMUSG00000035342,609,574,349,330,331,345,520,445,363,434
ENSMUSG00000043789,12,30,52,41,17,22,67,82,78,5
ENSMUSG00000118392,0,0,0,0,0,0,0,0,0,0
ENSMUSG00000024738,0,0,0,0,1,0,0,0,0,0
ENSMUSG00000114772,0,0,1,0,0,0,0,0,0,0
ENSMUSG00000048832,433,478,418,441,496,320,351,392,331,322
ENSMUSG00000074818,89,152,185,212,113,146,193,275,287,65
ENSMUSG00000024669,3,4,2,4,3,2,3,4,10,4
ENSMUSG00000025212,1136,1498,1488,1625,1663,1191,1552,1945,1717,990
ENSMUSG00000025213,4,3,5,4,13,9,4,10,12,33
ENSMUSG00000025215,0,0,1,0,0,9,1,0,4,1
ENSMUSG00000092346,0,0,0,0,0,0,0,0,0,0
ENSMUSG00000025216,0,3,15,1,0,61,18,4,19,33
ENSMUSG00000102057,0,0,0,0,0,0,0,0,0,0
ENSMUSG00000114673,0,0,0,0,0,0,0,0,0,0
ENSMUSG00000024670,1,1,1,1,10,0,0,1,1,1
ENSMUSG00000024737,23,21,28,16,20,20,16,18,19,13
ENSMUSG00000118027,0,0,0,1,0,0,0,0,0,0
ENSMUSG00000024736,1430,1889,1905,1711,1899,1533,2148,3223,2485,1888
ENSMUSG00000034659,202,250,266,272,336,206,290,338,316,573
ENSMUSG00000025217,1160,1124,909,1334,1196,1173,983,740,1123,983
ENSMUSG00000057605,1820,1416,997,928,485,1217,1318,1349,1072,617
ENSMUSG00000025218,163,130,103,103,88,119,113,133,137,137
ENSMUSG00000041035,183,196,157,189,287,276,226,330,271,336
ENSMUSG00000024735,2964,2814,2441,2527,2311,2325,2361,2856,2574,2399
ENSMUSG00000024734,2,1,3,9,6,0,3,14,12,0
ENSMUSG00000040913,90,121,123,142,142,113,143,155,162,118
ENSMUSG00000034117,3,2,1,3,3,2,2,0,1,1
ENSMUSG00000024732,160,147,125,139,143,100,122,135,127,84
ENSMUSG00000024731,0,0,0,0,0,0,0,0,0,0
ENSMUSG00000067571,0,0,0,7,0,0,0,0,0,0
ENSMUSG00000094584,0,0,0,0,0,0,0,0,0,0
ENSMUSG00000101264,0,0,0,0,0,0,0,0,0,0
ENSMUSG00000025219,11,5,1,1,0,4,4,4,1,0
ENSMUSG00000024730,0,0,0,0,0,0,0,0,1,0
ENSMUSG00000101439,9,12,17,46,118,5,13,2,32,97
ENSMUSG00000024729,0,0,0,0,0,0,0,0,0,0
ENSMUSG00000099998,912,655,825,620,353,644,471,273,363,202
ENSMUSG00000024728,0,0,0,0,0,0,0,0,0,0
ENSMUSG00000056209,253,237,187,242,48,181,207,240,185,52
ENSMUSG00000057240,0,0,0,0,0,0,0,0,0,0
ENSMUSG00000101031,0,0,0,0,0,0,0,0,0,0
ENSMUSG00000024673,0,0,1,0,2,0,0,0,0,1
ENSMUSG00000025220,3705,3261,3310,3931,2489,4482,2983,2373,3378,2651
ENSMUSG00000054523,0,0,0,0,0,0,0,0,0,0
ENSMUSG00000099398,3,1,5,4,3,6,4,0,0,0
ENSMUSG00000024672,5,14,28,10,3,13,24,0,17,8
ENSMUSG00000101389,3,3,9,0,1,4,6,0,2,0
ENSMUSG00000101024,0,0,0,0,0,0,0,0,0,0
ENSMUSG00000024675,0,0,0,1,0,0,0,0,0,0
ENSMUSG00000100615,216,188,90,186,248,224,179,160,339,561
ENSMUSG00000056290,0,0,0,1,0,0,1,0,1,0
ENSMUSG00000079419,3,9,17,3,3,8,16,0,3,0
ENSMUSG00000058470,0,0,0,2,1,0,1,0,1,0
ENSMUSG00000100529,0,0,0,0,0,0,0,0,0,0
ENSMUSG00000024677,12,11,19,13,22,30,26,6,14,8
ENSMUSG00000024678,0,0,0,0,0,0,1,0,0,1
ENSMUSG00000067555,0,0,0,0,0,0,0,0,0,0
ENSMUSG00000104088,0,0,0,0,0,0,0,0,0,1
ENSMUSG00000024679,13,14,20,12,10,10,27,3,11,7
ENSMUSG00000119417,0,0,0,0,0,0,0,0,0,0
ENSMUSG00000024680,0,0,1,2,0,1,3,1,2,0
ENSMUSG00000024681,0,0,0,2,1,1,0,0,0,0
ENSMUSG00000055895,0,0,0,0,0,0,0,0,0,0
ENSMUSG00000041857,0,0,0,0,0,0,0,0,0,0
ENSMUSG00000088310,0,0,0,0,0,0,0,0,0,0
ENSMUSG00000089625,0,0,0,0,0,0,0,0,0,0
ENSMUSG00000055933,0,0,0,0,0,0,0,0,0,0
ENSMUSG00000100918,0,0,0,0,0,0,0,0,0,0
ENSMUSG00000024682,0,1,0,0,0,1,1,1,0,0
ENSMUSG00000024683,251,216,207,224,281,223,230,295,231,239
ENSMUSG00000025221,102,184,297,578,1518,90,127,246,300,209
ENSMUSG00000039901,385,388,413,441,374,477,435,403,481,327
ENSMUSG00000117956,0,0,1,5,2,1,3,0,1,2
ENSMUSG00000117972,676,584,280,364,167,509,471,382,628,390
ENSMUSG00000097690,1,0,0,0,1,1,0,1,1,1
ENSMUSG00000074811,24,22,36,47,59,30,33,56,69,85
ENSMUSG00000041488,247,326,381,684,465,606,614,726,861,881
ENSMUSG00000048292,2,2,6,14,7,7,6,6,18,9
ENSMUSG00000060556,0,0,0,0,0,0,0,0,0,0
ENSMUSG00000108966,0,0,0,0,0,0,0,0,0,0
ENSMUSG00000067545,1,1,1,0,1,0,1,0,2,0
ENSMUSG00000051548,9,2,10,9,7,5,7,12,5,11
ENSMUSG00000060878,4,4,5,2,3,10,2,4,7,3
ENSMUSG00000046139,892,899,881,670,393,964,833,621,704,509
ENSMUSG00000104979,0,0,0,0,0,0,0,0,0,0
ENSMUSG00000077227,1,0,0,0,0,0,0,0,1,0
ENSMUSG00000024687,1113,1080,1096,1067,1116,1148,1008,769,1025,1016
ENSMUSG00000109030,0,0,0,0,0,0,0,0,0,0
ENSMUSG00000109047,0,0,0,0,0,0,0,0,0,0
ENSMUSG00000108947,0,0,0,0,0,0,0,0,0,0
ENSMUSG00000109223,0,0,0,0,0,0,0,0,0,0
ENSMUSG00000067529,0,0,0,0,0,0,0,0,0,0
ENSMUSG00000109417,0,0,0,0,0,0,0,0,0,0
ENSMUSG00000067528,0,0,0,0,0,0,0,0,0,0
ENSMUSG00000067526,1,0,0,0,0,0,0,0,0,0
ENSMUSG00000044994,0,0,0,0,0,0,0,0,0,0
ENSMUSG00000067525,0,0,0,0,0,0,0,0,0,0
ENSMUSG00000067524,0,0,0,0,0,0,0,0,0,0
ENSMUSG00000067522,0,0,0,0,0,0,0,0,0,0
ENSMUSG00000108889,0,0,1,0,0,0,0,0,0,0
ENSMUSG00000109410,0,0,0,0,0,0,0,0,0,0
ENSMUSG00000094133,0,0,0,0,0,0,0,0,0,0
ENSMUSG00000109022,0,0,0,0,0,0,0,0,0,0
ENSMUSG00000025223,5507,5373,4422,3243,1585,3648,3871,3196,2403,1534
ENSMUSG00000067519,0,0,0,0,1,0,0,0,0,0
ENSMUSG00000097646,0,0,0,0,0,0,0,0,0,0
ENSMUSG00000060049,0,0,0,0,0,0,1,0,0,0
ENSMUSG00000118093,2,6,1,4,4,3,3,2,2,1
ENSMUSG00000095640,0,0,0,0,0,0,0,0,0,0
ENSMUSG00000109433,0,0,0,0,0,0,0,0,0,0
ENSMUSG00000067513,0,0,0,0,0,0,0,0,0,0
ENSMUSG00000109229,0,0,0,0,0,0,0,0,0,0
ENSMUSG00000096436,0,0,1,0,0,0,0,0,0,0
ENSMUSG00000109328,0,0,0,0,0,0,0,0,0,0
ENSMUSG00000109007,0,0,0,0,0,0,0,0,0,0
ENSMUSG00000046650,0,0,0,0,1,0,0,0,0,0
ENSMUSG00000050815,0,0,0,0,0,0,0,0,0,0
ENSMUSG00000040065,1,0,0,0,0,0,1,0,0,0
ENSMUSG00000046805,143,145,224,188,266,147,112,160,216,182
ENSMUSG00000039982,1167,1261,1669,2355,1138,2324,2386,2641,2209,600
ENSMUSG00000086213,0,2,0,3,6,2,0,3,2,3
ENSMUSG00000114644,0,0,0,0,0,0,0,0,0,0
ENSMUSG00000111118,1,1,4,7,16,3,7,4,18,21
ENSMUSG00000114761,1,0,0,4,0,0,0,0,3,1
ENSMUSG00000055491,895,912,1038,770,471,598,849,797,811,312
ENSMUSG00000024691,512,270,294,204,69,348,229,163,189,32
ENSMUSG00000084836,0,0,0,0,0,0,0,0,0,0
ENSMUSG00000071633,1,0,2,5,0,0,2,1,3,2
ENSMUSG00000063683,0,0,1,0,0,0,0,0,1,1
ENSMUSG00000065892,0,0,0,0,0,0,0,0,0,0
ENSMUSG00000044441,0,0,0,0,0,0,0,0,0,0
ENSMUSG00000045030,0,0,0,0,0,0,0,0,0,0
ENSMUSG00000109309,0,0,0,0,0,0,0,0,0,0
ENSMUSG00000024694,0,0,0,0,0,0,1,0,1,0
ENSMUSG00000084981,0,0,0,0,0,0,0,0,0,0
ENSMUSG00000079415,7,3,3,3,2,5,6,2,2,4
ENSMUSG00000118491,0,0,0,0,0,0,0,0,0,0
ENSMUSG00000024695,1522,1203,1172,1130,1476,1385,1144,978,1238,1969
ENSMUSG00000015176,1659,1357,1373,1211,798,1350,1295,1171,1048,745
ENSMUSG00000117703,0,0,0,0,0,0,0,0,0,0
ENSMUSG00000038754,0,0,0,0,1,0,5,2,0,0
ENSMUSG00000024696,17,7,6,12,9,15,8,4,17,12
ENSMUSG00000091014,0,0,0,0,0,0,0,0,0,0
ENSMUSG00000025229,0,1,0,1,1,16,29,35,18,2
ENSMUSG00000046272,0,0,0,0,0,0,0,0,0,0
ENSMUSG00000045126,0,0,0,0,0,0,0,0,0,0
ENSMUSG00000057817,0,0,0,0,0,0,0,0,0,0
ENSMUSG00000060303,0,0,0,0,0,0,0,0,0,0
ENSMUSG00000112693,206,157,278,192,237,259,181,188,173,332
ENSMUSG00000048456,0,0,0,0,0,0,0,0,0,0
ENSMUSG00000049498,0,0,0,0,0,0,0,0,0,0
ENSMUSG00000062892,0,0,0,0,0,0,0,0,0,0
ENSMUSG00000046913,0,0,0,0,0,0,0,0,0,0
ENSMUSG00000109148,0,0,0,0,0,0,0,0,0,0
ENSMUSG00000094755,0,0,0,0,0,0,0,0,0,0
ENSMUSG00000094986,0,0,0,0,0,0,0,0,0,0
ENSMUSG00000109126,0,0,0,0,0,0,0,0,0,0
ENSMUSG00000067482,0,0,0,0,0,0,0,0,0,0
ENSMUSG00000061637,0,0,0,0,0,0,0,0,0,0
ENSMUSG00000062844,0,0,0,0,0,0,0,0,0,0
ENSMUSG00000057503,13,11,10,17,4,11,11,9,15,6
ENSMUSG00000109415,0,0,0,0,0,0,0,0,0,0
ENSMUSG00000045883,0,0,0,0,0,0,0,0,0,0
ENSMUSG00000094721,0,0,0,0,0,0,0,0,0,0
ENSMUSG00000096365,0,0,0,0,0,0,0,0,0,0
ENSMUSG00000109100,0,0,0,0,0,0,0,0,0,0
ENSMUSG00000119251,0,0,0,0,0,0,0,0,0,0
ENSMUSG00000062199,0,0,0,0,0,0,0,0,0,0
ENSMUSG00000096485,0,0,0,0,0,0,0,0,0,0
ENSMUSG00000049015,0,0,0,0,0,0,0,0,0,0
ENSMUSG00000109544,0,0,0,0,0,0,0,0,0,0
ENSMUSG00000108881,0,0,0,0,0,0,0,0,0,0
ENSMUSG00000063777,0,0,0,0,0,0,0,0,0,0
ENSMUSG00000109230,0,0,0,0,0,0,0,0,0,0
ENSMUSG00000096320,0,0,0,0,0,0,0,0,0,0
ENSMUSG00000095189,0,0,0,0,0,0,0,0,0,0
ENSMUSG00000109573,0,0,0,0,0,0,0,0,0,0
ENSMUSG00000096273,0,0,0,0,0,0,0,0,0,0
ENSMUSG00000096708,0,0,0,0,0,0,0,0,0,0
ENSMUSG00000109189,0,0,0,0,0,0,0,0,0,0
ENSMUSG00000071629,0,0,0,0,0,0,0,0,0,0
ENSMUSG00000025224,1657,1664,1809,1820,1703,1809,2005,1881,1938,1588
ENSMUSG00000109184,0,0,0,0,0,0,0,0,0,0
ENSMUSG00000108887,0,0,0,0,0,0,0,0,0,0
ENSMUSG00000118174,0,0,0,0,0,0,1,0,0,0
ENSMUSG00000095484,0,0,0,0,0,0,0,0,0,0
ENSMUSG00000108945,0,0,0,0,0,0,0,0,0,0
ENSMUSG00000109319,0,0,0,0,0,0,0,0,0,0
ENSMUSG00000108974,0,0,0,0,0,0,0,0,0,0
ENSMUSG00000093525,54,60,51,44,33,31,44,75,42,22
ENSMUSG00000086816,1,0,0,0,0,1,0,0,0,0
ENSMUSG00000096289,0,0,0,0,0,0,0,0,0,0
ENSMUSG00000109496,0,0,0,0,0,0,0,0,0,0
ENSMUSG00000109343,0,0,0,0,0,0,0,0,0,0
ENSMUSG00002075623,0,0,0,0,0,0,0,0,0,0
ENSMUSG00002076425,0,0,0,0,0,0,0,0,0,0
ENSMUSG00000094846,0,0,0,0,0,0,0,0,0,0
ENSMUSG00000109285,0,0,0,0,0,0,0,0,0,0
ENSMUSG00000045678,0,0,0,0,0,0,0,0,0,0
ENSMUSG00000077291,0,0,0,0,0,0,0,0,0,0
ENSMUSG00000061387,0,0,0,0,0,0,0,0,0,0
ENSMUSG00000051156,0,0,0,0,0,0,0,0,0,0
ENSMUSG00000109527,0,0,0,0,0,0,0,0,0,0
ENSMUSG00000109520,0,0,0,0,0,0,0,0,0,0
ENSMUSG00000050865,0,0,0,0,1,0,0,0,0,0
ENSMUSG00000047207,0,0,0,0,0,0,0,0,0,0
ENSMUSG00000048356,0,0,0,0,0,0,0,0,0,0
ENSMUSG00000044040,0,0,0,0,0,0,0,0,0,0
ENSMUSG00000109530,0,0,0,0,0,0,0,0,0,0
ENSMUSG00000045395,0,0,0,0,0,0,0,0,0,0
ENSMUSG00000054526,0,0,0,0,0,0,0,0,0,0
ENSMUSG00000057270,0,0,0,0,0,0,0,0,0,0
ENSMUSG00000056858,0,0,0,0,0,0,0,0,0,0
ENSMUSG00000058078,0,0,0,0,0,0,0,0,0,0
ENSMUSG00000059105,0,0,0,0,0,0,0,0,0,0
ENSMUSG00000062314,0,0,0,0,0,0,0,0,0,0
ENSMUSG00000098074,0,0,0,0,0,0,0,0,0,0
ENSMUSG00000025225,46,58,59,53,51,47,75,45,57,57
ENSMUSG00000024642,1074,1286,1387,1181,952,1264,943,736,861,400
ENSMUSG00000103488,0,0,0,0,0,0,0,0,0,0
ENSMUSG00002076668,0,0,0,0,0,0,0,0,0,0
ENSMUSG00000063586,5,8,6,4,1,10,9,1,4,3
ENSMUSG00000118757,0,0,0,0,0,0,0,0,0,0
ENSMUSG00000117995,3,3,1,0,0,1,1,1,3,0
ENSMUSG00000024640,2590,1728,1064,962,1201,1996,1790,1342,1297,1370
ENSMUSG00000090147,0,0,0,0,0,0,0,0,0,0
ENSMUSG00000041491,693,508,391,358,158,586,378,333,307,214
ENSMUSG00000117711,0,0,1,1,0,2,0,0,0,0
ENSMUSG00000037126,1583,2509,3113,4491,3871,2035,3248,5080,4618,1346
ENSMUSG00000024639,3220,3757,4630,5778,4273,4034,3938,3784,5008,2831
ENSMUSG00000057990,1252,1058,895,1120,1077,986,1064,1504,1462,1436
ENSMUSG00000075268,1233,1507,736,1152,1023,1024,1300,1489,1324,765
ENSMUSG00000078528,1,1,1,0,0,1,1,0,3,0
ENSMUSG00000098718,0,0,0,0,0,0,0,0,0,0
ENSMUSG00000118142,0,1,0,0,0,1,0,0,0,0
ENSMUSG00000025226,49,72,35,52,63,49,56,97,72,83
ENSMUSG00000118033,1,3,1,1,0,4,3,1,2,1
ENSMUSG00000024697,16,19,9,2,13,5,6,5,10,5
ENSMUSG00000117699,0,0,0,0,0,0,0,0,0,0
ENSMUSG00000118023,0,0,0,0,0,1,0,0,0,0
ENSMUSG00000036748,1395,1305,1331,1258,1035,1116,1134,1786,1156,931
ENSMUSG00000025227,73,91,100,150,319,67,80,144,115,178
ENSMUSG00000070127,0,0,0,0,0,0,0,0,0,0
ENSMUSG00000099655,9,6,3,11,7,6,10,12,6,8
ENSMUSG00000065204,0,0,0,1,1,0,0,0,2,1
ENSMUSG00000025228,3894,4002,3513,3896,2862,3524,3486,4343,4039,2388
ENSMUSG00000046230,432,433,486,525,1021,571,411,224,477,1114
ENSMUSG00000114931,23,38,27,23,13,17,29,20,14,16
ENSMUSG00000046388,0,0,0,0,0,0,0,0,0,0
ENSMUSG00000118126,2,3,0,1,0,7,0,5,5,0
ENSMUSG00000056829,4,4,5,0,2,10,0,6,4,0
ENSMUSG00000039126,106,135,201,304,983,244,224,217,515,3100
ENSMUSG00000025231,667,654,579,446,294,469,545,348,474,244
ENSMUSG00002075332,0,0,0,0,0,0,0,0,0,0
ENSMUSG00002076046,0,0,0,0,0,0,0,0,0,0
ENSMUSG00000117941,0,0,0,0,0,0,0,0,0,1
ENSMUSG00000118367,0,0,0,0,0,0,0,0,0,0
ENSMUSG00000117946,0,0,0,0,0,0,0,0,0,0
ENSMUSG00000025034,829,931,898,839,838,626,877,915,841,558
ENSMUSG00000038843,10,21,18,25,52,23,18,8,30,353
ENSMUSG00000024712,698,700,531,485,751,639,642,699,617,1010
ENSMUSG00000025035,915,800,868,817,816,964,718,1230,804,857
ENSMUSG00000025036,334,312,301,278,104,220,323,237,263,125
ENSMUSG00000047731,1054,992,834,725,736,856,965,814,881,480
ENSMUSG00000118040,2,5,1,2,0,0,0,0,3,3
ENSMUSG00000024713,121,172,211,338,298,182,245,200,420,93
ENSMUSG00000003555,3,21,1,3,0,3,20,1,0,2
ENSMUSG00000118270,0,2,2,3,1,1,2,2,0,1
ENSMUSG00000088370,0,0,0,0,0,0,0,0,0,0
ENSMUSG00000118079,0,0,1,0,0,0,0,0,0,0
ENSMUSG00000097937,1,2,0,0,0,0,1,0,0,0
ENSMUSG00000119544,0,0,0,0,0,0,0,0,0,0
ENSMUSG00000117822,5190,4525,2917,3530,1648,3615,3652,3144,3450,1413
ENSMUSG00002076798,0,0,0,0,0,0,0,0,0,0
ENSMUSG00000117687,0,0,0,0,0,0,0,0,0,0
ENSMUSG00000117774,0,0,0,0,0,0,0,0,0,0
ENSMUSG00000062376,173,164,205,222,292,261,251,350,302,309
ENSMUSG00000118192,0,0,0,0,0,0,0,0,0,0
ENSMUSG00000003559,156,119,113,124,121,264,256,300,255,233
ENSMUSG00000024725,130,128,150,125,182,160,180,107,204,190
ENSMUSG00000080783,8,16,7,4,3,10,2,4,4,4
ENSMUSG00000064105,187,198,290,304,502,352,345,320,425,526
ENSMUSG00000117814,90,99,95,144,147,154,150,126,189,188
ENSMUSG00000037847,41,41,36,34,59,51,38,15,60,66
ENSMUSG00000024726,388,350,284,223,213,386,351,174,386,303
ENSMUSG00000047044,585,488,291,286,206,359,366,320,308,302
ENSMUSG00000117878,0,0,0,0,0,0,0,0,0,0
ENSMUSG00000064941,14,4,132,36,48,99,5,18,2,9
ENSMUSG00000024727,18,16,18,17,35,21,24,14,19,30
ENSMUSG00002075776,0,0,0,0,0,0,0,0,0,0
ENSMUSG00000036192,249,314,302,477,563,255,243,275,274,295
ENSMUSG00000117909,0,0,0,0,0,0,0,0,0,0
ENSMUSG00000025041,1113,1053,1056,1236,877,1457,1231,1295,1318,1246
ENSMUSG00000088907,0,0,0,0,0,0,0,0,0,0
ENSMUSG00000118109,0,0,0,0,0,0,0,0,0,0
ENSMUSG00000118167,4,2,1,1,0,2,4,2,0,0
ENSMUSG00000064783,0,0,0,0,0,0,0,0,0,0
ENSMUSG00000118067,1,0,0,0,0,2,0,0,0,0
ENSMUSG00000034336,6055,6679,7271,4970,3322,12007,9892,10605,6980,3133
ENSMUSG00000025050,678,737,567,608,322,968,830,653,709,589
ENSMUSG00000117691,0,0,1,0,0,0,0,0,1,0
ENSMUSG00000118915,0,0,0,0,0,1,0,0,0,0
ENSMUSG00000025049,267,233,193,172,81,281,171,162,123,129
ENSMUSG00000071528,920,796,952,935,1314,870,770,1270,916,1313
ENSMUSG00000025047,1032,880,762,686,394,861,718,570,627,529
ENSMUSG00000033033,9,7,10,16,39,8,14,2,11,9
ENSMUSG00000079258,0,0,0,0,0,0,0,0,0,0
ENSMUSG00000094219,0,0,1,1,0,1,0,0,0,0
ENSMUSG00000091230,0,0,1,0,1,2,3,0,5,0
ENSMUSG00000024659,29,48,68,65,27,38,79,25,45,38
ENSMUSG00000114469,0,0,0,5,18,0,0,0,1,3
ENSMUSG00000006435,182,315,374,565,1222,244,459,746,802,1027
ENSMUSG00000118127,0,0,0,0,1,0,0,1,0,1
ENSMUSG00000117659,1,0,0,0,1,0,0,0,0,0
ENSMUSG00000118029,15,17,36,21,24,24,28,41,36,87
ENSMUSG00000053279,13,30,68,90,312,71,373,407,402,2499
ENSMUSG00000047168,0,0,0,0,0,0,0,0,0,1
ENSMUSG00000024747,15,17,51,27,32,30,45,10,20,29
ENSMUSG00000024749,0,3,0,1,1,3,4,3,3,2
ENSMUSG00000118293,0,0,1,0,0,0,0,0,0,0
ENSMUSG00000053617,1282,1065,1159,851,768,867,1098,402,989,534
ENSMUSG00000098786,0,1,0,0,0,0,0,0,1,0
ENSMUSG00000118047,0,0,0,0,0,0,0,0,0,0
ENSMUSG00000118086,2,1,2,2,2,3,5,3,6,4
ENSMUSG00000118090,0,0,0,0,0,0,0,0,0,0
ENSMUSG00000118044,0,0,0,0,0,0,0,0,0,0
ENSMUSG00000024750,1803,1722,1459,1753,1897,2414,1768,1316,1944,3260
ENSMUSG00000118342,0,0,0,0,0,0,0,0,0,0
ENSMUSG00000042694,303,238,206,201,179,227,194,183,211,104
ENSMUSG00000097990,16,17,20,11,8,17,20,4,8,6
ENSMUSG00000058624,78,183,481,1193,3870,22,25,77,147,158
ENSMUSG00000079382,1,0,3,2,3,1,1,0,1,4
ENSMUSG00000035171,444,350,231,313,225,534,336,300,401,454
ENSMUSG00000047368,335,319,271,349,357,340,324,282,374,665
ENSMUSG00000118055,0,0,0,0,0,0,0,0,0,0
ENSMUSG00000025060,1285,1026,1101,936,1593,1225,880,461,784,1841
ENSMUSG00000118206,3,1,3,3,3,6,3,4,3,2
ENSMUSG00000086121,0,0,0,0,0,0,0,1,0,1
ENSMUSG00000024754,1877,1260,895,806,518,2438,1312,538,785,416
ENSMUSG00000118021,1,1,0,0,0,1,0,0,1,0
ENSMUSG00000045104,702,891,700,1016,2301,927,826,808,1131,2626
ENSMUSG00000118237,0,0,0,0,0,0,0,0,0,0
ENSMUSG00000118273,0,0,0,0,0,1,0,1,0,0
ENSMUSG00000118226,1,2,1,4,1,4,1,0,2,0
ENSMUSG00000025064,3,4,2,11,10,7,4,10,15,19
ENSMUSG00000117702,0,0,0,0,0,0,0,0,0,0
ENSMUSG00000088525,0,0,0,0,0,0,0,0,0,0
ENSMUSG00001118662,0,0,0,0,0,0,0,0,0,0
ENSMUSG00000118149,0,0,0,0,0,0,0,0,0,0
ENSMUSG00000025066,1732,1212,1272,1426,1061,1410,1115,1131,1311,1091
ENSMUSG00000044948,148,104,146,204,77,146,157,119,195,119
ENSMUSG00000099069,0,0,0,0,0,0,0,0,0,0
ENSMUSG00000025068,332,465,405,541,366,363,484,758,501,199
ENSMUSG00000025069,18,19,13,22,14,13,33,12,22,28
ENSMUSG00000117975,170,136,69,62,24,138,81,48,56,12
ENSMUSG00002075899,0,0,0,0,0,0,0,0,0,0
ENSMUSG00000046585,11,8,9,10,5,19,19,11,13,3
ENSMUSG00000117690,0,0,0,0,0,0,0,0,0,0
ENSMUSG00000063434,242,214,345,441,592,531,338,642,739,415
ENSMUSG00002075051,0,1,0,0,0,0,0,0,0,0
ENSMUSG00000117930,2,1,0,2,4,3,1,0,2,0
ENSMUSG00000118014,0,0,0,0,0,0,0,0,0,0
ENSMUSG00000117996,0,0,0,0,0,0,0,0,0,0
ENSMUSG00000118111,0,0,0,0,0,1,0,0,0,0
ENSMUSG00000117931,0,0,0,0,0,0,0,0,0,0
ENSMUSG00000118059,0,0,0,0,0,0,0,0,0,0
ENSMUSG00002076593,0,0,0,0,0,0,0,0,0,0
ENSMUSG00000117697,0,0,0,0,0,0,0,0,0,0
ENSMUSG00000062083,2,1,2,0,1,1,5,4,1,1
ENSMUSG00000043531,400,391,508,550,990,785,684,572,893,522
ENSMUSG00002075054,2,0,3,2,3,5,0,3,3,0
ENSMUSG00000110007,1,0,1,6,3,3,4,2,8,4
ENSMUSG00000097446,0,0,0,0,0,0,0,0,0,0
ENSMUSG00000117758,0,0,0,0,0,0,0,0,0,0
ENSMUSG00002076015,0,0,0,0,0,0,0,0,0,0
ENSMUSG00000118338,0,0,1,0,0,0,0,0,0,0
ENSMUSG00000065143,0,0,0,0,0,0,0,0,0,0
ENSMUSG00000117806,0,0,0,0,0,0,0,0,0,0
ENSMUSG00000118158,0,0,0,0,0,0,0,0,0,0
ENSMUSG00000097719,3,1,1,1,0,0,1,1,2,0
ENSMUSG00000117867,0,0,0,0,0,0,0,0,0,1
ENSMUSG00000118173,0,0,0,0,0,0,0,0,3,0
ENSMUSG00000035804,0,0,0,0,0,0,0,0,0,0
ENSMUSG00000118128,52,36,29,30,16,52,44,27,28,31
ENSMUSG00000118114,0,0,0,0,0,0,0,0,0,0
ENSMUSG00000117896,6,13,13,10,19,10,8,5,8,3
ENSMUSG00000025027,1225,918,970,1053,985,952,790,992,941,578
ENSMUSG00000098730,0,1,0,1,0,0,0,0,0,1
ENSMUSG00000099988,1,2,2,0,2,1,0,0,0,2
ENSMUSG00000118233,0,0,0,0,0,0,0,0,0,0
ENSMUSG00000118003,0,0,0,0,0,0,0,0,0,0
ENSMUSG00000025026,640,579,909,1149,2028,560,721,537,1337,2082
ENSMUSG00002075407,0,0,0,0,0,0,0,0,0,0
ENSMUSG00000118314,5,1,9,3,5,1,0,1,4,4
ENSMUSG00000118350,0,0,0,0,0,0,0,0,0,0
ENSMUSG00000025025,875,785,804,577,808,744,636,484,489,759
ENSMUSG00000118369,7,2,1,4,21,0,1,0,8,24
ENSMUSG00000067085,0,0,0,0,0,0,0,0,0,0
ENSMUSG00000025024,495,486,438,497,348,504,396,294,343,416
ENSMUSG00000118378,0,0,0,0,0,0,1,0,1,1
ENSMUSG00000034765,18,13,50,48,101,8,42,21,81,599
ENSMUSG00000071497,1469,1208,910,725,547,941,1018,979,735,423
ENSMUSG00000118159,3,3,7,7,5,3,3,7,5,9
ENSMUSG00000024974,3102,2141,2436,1923,1121,2965,1769,1384,1496,1336
ENSMUSG00000043639,386,200,86,99,69,50,40,34,48,57
ENSMUSG00000089807,0,0,0,0,1,0,0,0,0,0
ENSMUSG00000089679,3,1,0,5,6,0,0,0,3,1
ENSMUSG00000117693,0,0,0,0,0,0,0,0,0,0
ENSMUSG00000024975,1030,777,690,528,918,894,654,582,636,746
ENSMUSG00000052387,1031,1084,1865,2089,1986,1346,1700,1345,2537,3823
ENSMUSG00000084957,868,757,824,993,713,772,611,750,793,794
ENSMUSG00000024976,1196,1034,1267,1277,979,1368,1122,1148,1221,764
ENSMUSG00000088558,0,0,0,0,1,0,0,0,0,0
ENSMUSG00000117704,0,0,0,0,0,0,0,0,1,0
ENSMUSG00000098739,1,2,2,4,3,4,2,1,3,4
ENSMUSG00000118353,911,649,764,813,517,531,484,584,516,305
ENSMUSG00000117981,0,0,1,1,0,0,0,0,0,0
ENSMUSG00000065507,0,0,0,0,0,0,3,0,0,0
ENSMUSG00000033717,106,151,270,248,434,182,351,324,359,149
ENSMUSG00000117921,1,0,0,0,0,0,0,0,0,0
ENSMUSG00000118324,0,0,0,0,0,0,0,0,0,0
ENSMUSG00000117755,0,0,0,0,0,0,0,0,0,0
ENSMUSG00000118207,0,0,0,0,0,0,0,0,0,0
ENSMUSG00000024978,726,806,793,1093,1912,907,939,888,1187,1513
ENSMUSG00000118099,7,16,19,18,20,5,5,5,8,10
ENSMUSG00000024979,0,1,1,2,6,6,2,8,6,3
ENSMUSG00000098289,0,0,0,0,0,0,0,0,0,0
ENSMUSG00000055523,1,1,2,9,57,2,1,0,1,2
ENSMUSG00000024981,126,115,204,346,666,213,184,306,356,299
ENSMUSG00000024982,584,479,441,398,369,586,466,430,478,469
ENSMUSG00000024983,609,607,673,667,1107,767,696,939,763,859
ENSMUSG00000024985,1334,2063,228,779,973,5536,3804,6966,5579,1125
ENSMUSG00000099746,2,1,0,1,1,2,0,2,2,1
ENSMUSG00000117833,0,0,0,0,0,1,1,0,1,0
ENSMUSG00000117827,0,0,0,0,0,0,0,1,0,0
ENSMUSG00000117695,0,0,0,0,1,1,0,0,0,0
ENSMUSG00000117779,209,199,283,243,165,197,172,248,199,79
ENSMUSG00000024843,823,874,888,1059,1046,783,954,818,897,1442
ENSMUSG00000117912,0,0,0,0,0,0,0,0,0,0
ENSMUSG00000001750,161,166,205,187,205,152,206,163,207,237
ENSMUSG00000059734,438,469,425,469,747,432,457,668,616,762
ENSMUSG00000024885,17,12,16,26,41,12,20,17,31,64
ENSMUSG00000118129,0,0,0,0,0,0,0,0,0,0
ENSMUSG00000036908,55,93,91,88,128,69,87,72,137,94
ENSMUSG00000037263,0,0,0,0,1,0,0,0,1,2
ENSMUSG00000075296,3,6,11,17,36,1,1,21,18,7
ENSMUSG00000024866,13,15,14,11,23,6,16,8,23,32
ENSMUSG00000037477,0,0,1,1,0,4,0,0,2,2
ENSMUSG00000118132,5,7,5,8,7,9,5,11,7,8
ENSMUSG00000110949,0,0,0,0,0,0,0,0,0,0
ENSMUSG00000024869,151,188,200,172,34,150,128,143,109,55
ENSMUSG00000086107,0,0,0,0,0,0,0,0,0,0
ENSMUSG00000024871,61,67,58,42,15,48,52,73,42,35
ENSMUSG00000037916,1035,963,775,934,1122,939,971,1246,1140,1853
ENSMUSG00000060803,134,243,212,209,297,230,300,446,243,559
ENSMUSG00000038155,0,1,2,1,2,1,2,2,1,8
ENSMUSG00000058216,0,0,0,0,0,0,0,0,0,0
ENSMUSG00000104921,0,0,0,0,0,0,0,0,0,0
ENSMUSG00000064400,0,0,0,0,0,0,0,0,0,0
ENSMUSG00000024857,0,0,0,0,0,1,0,2,0,27
ENSMUSG00000024856,165,214,178,176,144,136,237,268,177,266
ENSMUSG00000024851,634,1081,1330,1922,2898,1034,1617,2746,2798,4284
ENSMUSG00000024847,319,321,336,290,373,375,344,469,334,613
ENSMUSG00000024845,297,279,199,195,231,152,227,220,254,228
ENSMUSG00000024842,13,13,23,19,13,24,18,27,16,49
ENSMUSG00000044724,3,2,3,1,0,1,5,3,0,2
ENSMUSG00000024835,765,789,808,802,669,718,710,766,728,786
ENSMUSG00000045826,0,0,0,0,0,0,0,0,0,0
ENSMUSG00000024830,531,591,598,551,469,546,630,662,575,621
ENSMUSG00000075289,45,25,48,50,72,40,53,80,82,272
ENSMUSG00000117905,3,0,1,4,5,1,1,1,7,17
ENSMUSG00000097233,6,2,2,8,13,4,4,4,9,46
ENSMUSG00000040247,7,3,6,12,13,7,15,8,19,7
ENSMUSG00000040385,2026,1830,1705,1656,1846,1945,1806,2302,1789,1480
ENSMUSG00000117839,0,1,0,2,0,0,0,0,0,0
ENSMUSG00000024824,262,215,190,174,111,185,208,239,218,180
ENSMUSG00000040663,27,19,32,31,11,19,30,18,45,11
ENSMUSG00000117873,0,0,0,0,0,0,0,0,0,0
ENSMUSG00002075602,0,0,0,0,0,0,0,0,0,0
ENSMUSG00000024854,42,46,46,41,52,29,39,57,53,39
ENSMUSG00000034616,266,420,517,580,597,587,747,1090,1074,998
ENSMUSG00000099290,0,0,0,0,0,0,0,0,0,0
ENSMUSG00000005986,279,495,594,677,855,613,820,1205,1219,769
ENSMUSG00000118344,12,20,24,17,30,21,32,23,23,31
ENSMUSG00000024858,1350,1634,1760,2004,2172,1482,1779,2374,2339,3046
ENSMUSG00000054611,2314,2204,2277,1987,1752,2128,1872,1592,1940,1793
ENSMUSG00002076626,0,0,0,0,0,0,0,0,0,0
ENSMUSG00000102349,0,0,0,0,0,0,0,0,0,0
ENSMUSG00002074969,0,0,0,0,0,0,0,0,0,0
ENSMUSG00002076852,0,0,0,0,0,0,0,0,0,0
ENSMUSG00002075794,0,0,0,0,0,0,0,0,0,0
ENSMUSG00002076763,0,0,0,0,0,0,0,0,0,0
ENSMUSG00000024816,214,212,130,120,151,132,174,123,162,347
ENSMUSG00000024818,22,29,30,32,70,23,26,18,32,39
ENSMUSG00000044390,161,142,99,99,45,162,112,170,105,45
ENSMUSG00000024826,1532,1508,1366,900,789,1582,1347,1294,1090,1143
ENSMUSG00000045664,58,184,207,125,169,126,300,537,271,397
ENSMUSG00000024833,655,470,322,204,126,277,320,239,227,133
ENSMUSG00000037451,0,0,0,0,0,0,0,0,0,0
ENSMUSG00000024942,47,81,118,116,264,87,143,237,177,269
ENSMUSG00000097404,1,1,3,6,5,3,3,3,3,16
ENSMUSG00000118194,0,0,0,0,0,0,1,0,0,0
ENSMUSG00000094281,14,17,20,9,4,19,13,12,7,9
ENSMUSG00000024807,616,744,800,759,764,543,823,869,853,646
ENSMUSG00000098928,0,0,0,0,0,0,0,0,0,0
ENSMUSG00000007338,692,537,465,458,601,535,500,566,456,547
ENSMUSG00000118496,1,1,0,1,1,0,1,0,0,0
ENSMUSG00000038274,2790,2638,1894,1702,1197,1740,2327,2534,1945,992
ENSMUSG00000075227,42,53,32,40,71,31,45,53,56,50
ENSMUSG00000024799,452,549,571,624,405,505,723,945,758,353
ENSMUSG00000024797,436,453,449,398,329,451,472,570,499,398
ENSMUSG00000100621,3,0,1,1,0,1,0,2,0,0
ENSMUSG00000047733,5,1,3,5,1,1,0,3,2,1
ENSMUSG00000024792,217,269,294,281,181,182,274,296,235,126
ENSMUSG00000024791,225,130,46,33,4,69,51,12,38,2
ENSMUSG00000117666,17,13,6,3,1,5,5,0,4,0
ENSMUSG00000054999,64,51,39,33,7,19,18,20,27,3
ENSMUSG00000024790,154,162,138,148,149,98,141,212,157,88
ENSMUSG00000024787,283,310,315,351,351,352,360,536,439,420
ENSMUSG00000024944,414,385,352,377,359,411,516,728,549,544
ENSMUSG00000039699,1,0,2,1,3,0,1,0,0,1
ENSMUSG00002076495,0,0,0,0,0,0,0,0,0,0
ENSMUSG00000083458,26,25,23,39,38,23,27,32,38,15
ENSMUSG00000118181,0,0,0,0,0,0,0,0,0,0
ENSMUSG00000104884,0,0,0,0,0,0,0,0,0,0
ENSMUSG00000047810,11,23,17,28,49,10,15,23,49,22
ENSMUSG00000024953,592,709,653,760,1456,605,765,1401,1204,1881
ENSMUSG00000038812,360,336,283,228,181,241,300,367,236,171
ENSMUSG00000024955,352,373,302,268,453,242,318,292,295,621
ENSMUSG00000098413,0,0,0,0,0,0,0,0,0,0
ENSMUSG00000050623,2,2,5,5,31,1,5,12,5,15
ENSMUSG00000024957,8,16,30,47,238,10,26,55,87,83
ENSMUSG00000024958,414,536,534,599,866,387,592,827,701,816
ENSMUSG00000024959,73,76,87,94,77,74,93,118,99,97
ENSMUSG00000024960,422,439,460,378,294,403,446,348,515,632
ENSMUSG00000056612,2561,2461,1418,1419,270,1500,1699,1912,1244,178
ENSMUSG00000056629,320,356,407,489,817,354,404,829,613,811
ENSMUSG00000024962,326,412,529,492,533,236,469,730,603,478
ENSMUSG00000024963,99,120,111,101,114,112,141,130,114,182
ENSMUSG00000037349,67,66,38,50,31,61,74,88,76,155
ENSMUSG00000047656,93,76,50,65,64,54,81,109,109,100
ENSMUSG00000024965,71,64,85,48,66,55,82,46,73,48
ENSMUSG00000024966,3432,2590,2637,1969,2372,2727,2147,2464,2045,2426
ENSMUSG00002075372,0,0,0,0,0,0,0,0,0,2
ENSMUSG00000118062,0,0,1,0,0,1,1,0,0,0
ENSMUSG00000084221,632,574,419,512,285,513,338,284,385,124
ENSMUSG00000084825,0,0,0,0,0,0,0,0,0,0
ENSMUSG00000085285,0,0,0,0,0,0,0,0,1,0
ENSMUSG00000118668,45,79,90,123,230,50,73,137,215,211
ENSMUSG00000039652,195,236,314,322,758,400,366,375,435,1037
ENSMUSG00002075338,0,0,0,0,0,0,0,0,0,0
ENSMUSG00000097591,0,1,1,1,2,3,2,3,2,6
ENSMUSG00002075087,0,0,0,1,0,1,3,1,0,2
ENSMUSG00000023307,1312,1159,860,971,697,1398,905,995,834,670
ENSMUSG00000089143,0,0,0,0,0,0,0,0,0,0
ENSMUSG00000056999,974,798,877,958,1325,869,908,774,1287,1157
ENSMUSG00000080885,5811,4962,3911,3171,1431,4407,4209,4450,3433,2005
ENSMUSG00000012443,1588,800,458,200,84,404,277,81,233,32
ENSMUSG00000117988,9,6,8,16,9,6,4,2,9,8
ENSMUSG00000118211,177,139,120,207,92,63,130,146,137,55
ENSMUSG00000102353,1,0,0,0,0,3,5,0,3,2
ENSMUSG00000024986,46,34,35,38,31,36,43,21,19,27
ENSMUSG00002075640,0,0,0,0,0,0,0,0,0,0
ENSMUSG00000117800,0,0,0,0,0,0,0,0,0,0
ENSMUSG00000067889,3933,4527,5348,6867,16559,4425,4031,4230,4545,7967
ENSMUSG00000033760,1223,1050,1026,809,369,1265,986,748,773,786
ENSMUSG00000103651,0,0,0,0,0,0,0,0,0,0
ENSMUSG00000094936,108,106,87,91,56,124,110,82,72,86
ENSMUSG00000035818,4,4,6,11,20,11,8,8,26,3
ENSMUSG00000025077,224,162,175,226,194,187,182,135,191,147
ENSMUSG00000120075,0,0,0,0,0,0,0,0,0,0
ENSMUSG00000099923,11,16,10,12,11,15,14,13,13,1
ENSMUSG00000117914,0,1,0,2,0,1,1,5,3,0
ENSMUSG00000097091,1,0,0,1,0,0,0,1,1,0
ENSMUSG00000120141,2,0,1,3,0,2,4,3,0,1
ENSMUSG00000120136,0,0,0,1,0,0,1,0,0,0
ENSMUSG00000119982,0,1,0,0,0,0,0,0,0,1
ENSMUSG00000119968,26,17,17,10,12,28,18,17,15,19
ENSMUSG00000119991,20,17,19,14,14,16,15,27,9,10
ENSMUSG00000094707,0,0,3,1,9,4,1,2,2,1
ENSMUSG00000117979,1,3,2,3,1,1,0,2,1,2
ENSMUSG00000092274,88,99,128,191,325,129,139,66,230,2505
ENSMUSG00000120104,25,39,63,119,125,107,116,192,155,101
ENSMUSG00000120380,0,0,0,0,1,0,0,0,0,2
ENSMUSG00000097636,33,31,25,30,32,12,13,14,30,114
ENSMUSG00000117698,19,20,19,22,15,19,17,13,29,16
ENSMUSG00000109695,37,26,36,38,33,73,30,34,43,129
ENSMUSG00000120219,20,12,12,11,4,18,17,6,24,20
ENSMUSG00000097930,4,4,4,5,2,7,4,3,3,4
ENSMUSG00000120446,0,0,0,0,0,0,1,0,0,0
ENSMUSG00000120011,0,0,0,0,0,0,0,0,1,0
ENSMUSG00000120130,22,25,35,49,21,26,40,12,68,18
ENSMUSG00000117848,4,7,3,7,3,2,6,4,10,1
ENSMUSG00000118150,0,0,1,0,0,0,0,0,0,0
ENSMUSG00000120470,1,0,1,0,1,1,1,2,3,0
ENSMUSG00000117718,0,1,2,1,1,2,1,2,3,0
ENSMUSG00000120067,0,0,0,1,0,0,0,1,0,0
ENSMUSG00000120139,5,5,10,11,6,6,7,0,11,9
ENSMUSG00000087095,137,80,50,41,40,55,84,48,43,10
ENSMUSG00000094732,0,0,0,0,2,0,0,0,0,7
ENSMUSG00000120203,0,0,1,0,0,0,0,1,0,0
ENSMUSG00000117655,4,3,2,5,8,5,3,13,12,9
ENSMUSG00000120513,0,0,0,0,0,1,0,0,0,0
ENSMUSG00000120514,0,0,0,0,0,0,0,0,0,0
ENSMUSG00000120174,2,2,1,9,7,0,3,6,3,0
ENSMUSG00000120438,1,2,1,1,0,2,4,0,1,0
ENSMUSG00000120396,1,1,5,2,1,1,3,2,2,9
ENSMUSG00000120152,0,0,0,1,1,0,0,1,3,0
ENSMUSG00000120068,2,1,1,3,0,1,0,2,3,3
ENSMUSG00000079467,6,11,2,11,11,5,6,6,7,14
ENSMUSG00000101089,0,0,0,0,0,0,0,0,0,0
ENSMUSG00000120551,0,0,1,4,6,0,0,1,2,5
ENSMUSG00000120562,0,0,0,0,0,0,0,0,0,0
ENSMUSG00000118210,0,0,0,0,0,0,0,0,0,4
ENSMUSG00000117859,0,0,0,0,0,0,0,0,0,0
ENSMUSG00000120254,19,27,21,26,20,7,1,6,4,5
ENSMUSG00000120326,2,1,0,4,0,0,2,3,4,2
ENSMUSG00000118155,0,0,0,0,0,0,0,0,0,1
ENSMUSG00000120593,3,4,3,3,2,5,2,5,4,2
ENSMUSG00000100417,15,7,18,14,27,20,17,33,23,14
ENSMUSG00000118245,1,5,4,4,8,0,2,7,8,8
ENSMUSG00000120097,0,0,0,0,0,0,2,0,0,0
ENSMUSG00000120608,0,0,1,3,0,1,3,5,3,6
ENSMUSG00000097785,20,30,35,46,32,32,25,25,35,42
ENSMUSG00000097557,10,6,4,8,4,10,9,4,10,7
ENSMUSG00000053117,343,165,90,64,21,35,39,18,27,11
ENSMUSG00000120626,0,0,0,0,0,0,1,0,1,1
ENSMUSG00000089766,0,3,11,4,0,5,0,3,1,0
ENSMUSG00000120685,3,0,2,1,3,2,1,2,4,19
ENSMUSG00000118263,4,9,9,8,10,6,6,7,6,2
ENSMUSG00000120690,9,7,4,9,5,6,6,9,12,6
ENSMUSG00000120167,4,2,3,1,0,0,0,2,0,2
ENSMUSG00000100392,0,0,0,0,0,0,0,0,0,0
ENSMUSG00000043488,0,1,1,3,1,1,0,0,2,2
ENSMUSG00000120718,0,0,0,0,1,0,1,0,1,0
ENSMUSG00000120733,0,0,0,0,0,0,0,0,0,0
ENSMUSG00000120748,6,7,3,0,1,1,1,3,3,2
ENSMUSG00000117768,4,9,7,3,0,9,8,6,4,9
ENSMUSG00000117692,0,0,0,0,0,1,1,2,2,0
ENSMUSG00000120776,0,0,0,0,0,0,0,0,0,1
ENSMUSG00000118038,2,0,0,0,2,1,2,0,2,6
ENSMUSG00000120787,2,0,0,3,1,1,3,0,3,8
ENSMUSG00000086938,3,3,2,2,5,2,2,3,2,3
ENSMUSG00000097855,50,30,46,56,33,41,44,23,58,41
ENSMUSG00000099757,5,4,5,1,0,2,1,0,1,1
ENSMUSG00000120807,10,5,6,4,2,7,3,4,6,5
ENSMUSG00000120814,0,0,0,0,0,0,0,0,0,0
ENSMUSG00000120816,0,0,0,0,0,0,0,0,0,3
ENSMUSG00000117696,1,1,0,1,5,0,0,0,1,5
ENSMUSG00000087132,3,0,3,1,4,3,5,2,1,22
ENSMUSG00000120425,601,431,652,725,843,471,410,878,662,693
ENSMUSG00000120860,0,0,0,1,0,0,0,1,1,0
ENSMUSG00000120878,0,1,5,9,2,4,3,1,1,0
ENSMUSG00000120881,0,0,0,0,0,0,0,0,0,0
ENSMUSG00000120890,0,0,0,0,0,0,1,0,0,0
ENSMUSG00000120891,13,9,7,5,4,11,8,8,15,10
ENSMUSG00000120900,0,0,0,0,0,0,0,0,0,0
ENSMUSG00000120901,0,0,0,0,0,0,0,0,0,0
ENSMUSG00000097683,57,69,98,74,14,5,6,0,1,0
ENSMUSG00000117990,0,2,1,3,1,3,1,0,2,0
ENSMUSG00000120932,0,0,0,0,0,0,0,0,0,0
ENSMUSG00000092341,5319,4851,4753,11711,12146,7148,4119,4002,6973,9709
ENSMUSG00000120362,26,16,26,27,19,14,17,22,35,13
ENSMUSG00000087367,2,0,0,0,0,3,1,2,1,1
ENSMUSG00000118087,21,17,22,8,21,9,11,7,8,9
ENSMUSG00000120982,2,1,0,1,1,1,0,0,1,0
ENSMUSG00000075010,1,0,0,1,1,1,1,2,2,7
ENSMUSG00000120701,0,0,0,0,1,0,0,1,0,0
ENSMUSG00000118168,1,1,0,2,1,0,1,0,0,2
ENSMUSG00000120555,0,3,1,1,0,1,2,0,0,0
ENSMUSG00000097779,0,1,0,0,0,0,0,0,0,0
ENSMUSG00000110156,26,14,20,27,45,17,17,26,38,44
ENSMUSG00000121016,1,4,2,1,1,0,2,6,1,5
ENSMUSG00000118100,11,5,4,3,2,15,7,4,10,3
ENSMUSG00000067577,2,0,1,0,0,6,2,3,6,0
ENSMUSG00000121027,6,3,4,6,0,3,3,2,4,2
ENSMUSG00000087579,2,4,3,4,10,3,0,0,3,3
ENSMUSG00000108414,536,374,234,264,86,380,279,213,248,207
ENSMUSG00000097787,29,21,22,42,25,40,40,24,45,21
ENSMUSG00000121055,0,0,0,0,0,0,0,0,0,0
